release_date,release_date,cpi_value
1949-03-24,1949-03-24,21.48
1949-04-22,1949-04-22,23.91
1949-05-23,1949-05-23,23.92
1949-06-24,1949-06-24,23.91
1949-07-22,1949-07-22,23.92
1949-08-26,1949-08-26,23.7
1949-09-28,1949-09-28,23.7
1949-10-28,1949-10-28,23.75
1949-11-28,1949-11-28,23.67
1949-12-28,1949-12-28,23.7
1950-01-26,1950-01-26,23.61
1950-02-24,1950-02-24,23.51
1950-03-25,1950-03-25,23.61
1950-04-22,1950-04-22,23.64
1950-05-20,1950-05-20,23.65
1950-06-25,1950-06-25,23.77
1950-07-22,1950-07-22,23.88
1950-08-23,1950-08-23,24.07
1950-09-24,1950-09-24,24.2
1950-10-24,1950-10-24,24.34
1950-11-29,1950-11-29,24.5
1950-12-23,1950-12-23,24.6
1951-01-25,1951-01-25,24.98
1951-03-02,1951-03-02,25.38
1951-04-20,1951-04-20,25.88
1951-05-23,1951-05-23,25.92
1951-06-27,1951-06-27,25.99
1951-07-26,1951-07-26,25.93
1951-08-24,1951-08-24,25.91
1951-09-21,1951-09-21,25.86
1951-10-25,1951-10-25,26.03
1951-11-23,1951-11-23,26.16
1951-12-21,1951-12-21,26.32
1952-01-25,1952-01-25,26.47
1952-02-26,1952-02-26,26.45
1952-03-21,1952-03-21,26.41
1952-04-22,1952-04-22,26.39
1952-05-22,1952-05-22,26.46
1952-06-19,1952-06-19,26.47
1952-07-24,1952-07-24,26.53
1952-08-21,1952-08-21,26.68
1952-09-19,1952-09-19,26.69
1952-10-24,1952-10-24,26.63
1952-11-21,1952-11-21,26.69
1952-12-19,1952-12-19,26.69
1953-01-16,1953-01-16,26.71
1953-02-27,1953-02-27,26.64
1953-03-26,1953-03-26,26.59
1953-04-22,1953-04-22,26.63
1953-05-22,1953-05-22,26.69
1953-06-23,1953-06-23,26.7
1953-07-22,1953-07-22,26.77
1953-08-26,1953-08-26,26.79
1953-09-23,1953-09-23,26.85
1953-10-28,1953-10-28,26.89
1953-11-25,1953-11-25,26.95
1953-12-23,1953-12-23,26.85
1954-01-22,1954-01-22,26.87
1954-02-26,1954-02-26,26.94
1954-03-24,1954-03-24,26.99
1954-04-22,1954-04-22,26.93
1954-05-21,1954-05-21,26.86
1954-06-22,1954-06-22,26.93
1954-07-23,1954-07-23,26.94
1954-08-20,1954-08-20,26.86
1954-09-24,1954-09-24,26.85
1954-10-26,1954-10-26,26.81
1954-11-24,1954-11-24,26.72
1954-12-22,1954-12-22,26.78
1955-01-21,1955-01-21,26.77
1955-02-25,1955-02-25,26.77
1955-03-23,1955-03-23,26.82
1955-04-22,1955-04-22,26.79
1955-05-20,1955-05-20,26.79
1955-06-23,1955-06-23,26.77
1955-07-26,1955-07-26,26.71
1955-08-23,1955-08-23,26.76
1955-09-23,1955-09-23,26.72
1955-10-21,1955-10-21,26.85
1955-11-22,1955-11-22,26.82
1955-12-21,1955-12-21,26.88
1956-01-20,1956-01-20,26.87
1956-02-24,1956-02-24,26.83
1956-03-26,1956-03-26,26.86
1956-04-25,1956-04-25,26.89
1956-05-24,1956-05-24,26.93
1956-06-26,1956-06-26,27.03
1956-07-24,1956-07-24,27.15
1956-08-24,1956-08-24,27.29
1956-09-21,1956-09-21,27.31
1956-10-25,1956-10-25,27.35
1956-11-26,1956-11-26,27.51
1956-12-21,1956-12-21,27.51
1957-01-25,1957-01-25,27.63
1957-02-21,1957-02-21,27.67
1957-03-22,1957-03-22,27.8
1957-04-23,1957-04-23,27.86
1957-05-24,1957-05-24,27.93
1957-06-25,1957-06-25,28.0
1957-07-24,1957-07-24,28.11
1957-08-22,1957-08-22,28.19
1957-09-24,1957-09-24,28.28
1957-10-25,1957-10-25,28.32
1957-11-22,1957-11-22,28.32
1957-12-20,1957-12-20,28.41
1958-01-21,1958-01-21,28.47
1958-02-25,1958-02-25,28.64
1958-03-21,1958-03-21,28.7
1958-04-23,1958-04-23,28.87
1958-05-22,1958-05-22,28.94
1958-06-24,1958-06-24,28.94
1958-07-23,1958-07-23,28.91
1958-08-22,1958-08-22,28.89
1958-09-19,1958-09-19,28.94
1958-10-23,1958-10-23,28.91
1958-11-25,1958-11-25,28.91
1958-12-23,1958-12-23,28.95
1959-01-23,1959-01-23,28.97
1959-02-20,1959-02-20,29.01
1959-03-25,1959-03-25,29.0
1959-04-22,1959-04-22,28.97
1959-05-22,1959-05-22,28.98
1959-06-19,1959-06-19,29.04
1959-07-22,1959-07-22,29.11
1959-08-21,1959-08-21,29.15
1959-09-23,1959-09-23,29.18
1959-10-23,1959-10-23,29.25
1959-11-25,1959-11-25,29.35
1959-12-22,1959-12-22,29.35
1960-01-22,1960-01-22,29.41
1960-02-25,1960-02-25,29.37
1960-03-25,1960-03-25,29.41
1960-04-25,1960-04-25,29.41
1960-05-25,1960-05-25,29.54
1960-06-24,1960-06-24,29.57
1960-07-22,1960-07-22,29.61
1960-08-25,1960-08-25,29.55
1960-09-23,1960-09-23,29.61
1960-10-26,1960-10-26,29.61
1960-11-25,1960-11-25,29.75
1960-12-23,1960-12-23,29.78
1961-01-27,1961-01-27,29.81
1961-02-28,1961-02-28,29.84
1961-03-24,1961-03-24,29.84
1961-04-26,1961-04-26,29.84
1961-05-25,1961-05-25,29.81
1961-06-27,1961-06-27,29.84
1961-07-25,1961-07-25,29.84
1961-08-25,1961-08-25,29.92
1961-09-26,1961-09-26,29.94
1961-10-25,1961-10-25,29.98
1961-11-28,1961-11-28,29.98
1961-12-22,1961-12-22,29.98
1962-01-26,1962-01-26,30.01
1962-02-28,1962-02-28,30.04
1962-03-27,1962-03-27,30.11
1962-04-24,1962-04-24,30.17
1962-05-25,1962-05-25,30.21
1962-06-26,1962-06-26,30.24
1962-07-25,1962-07-25,30.21
1962-08-28,1962-08-28,30.22
1962-09-25,1962-09-25,30.28
1962-10-26,1962-10-26,30.42
1962-11-28,1962-11-28,30.38
1962-12-21,1962-12-21,30.38
1963-01-25,1963-01-25,30.38
1963-02-27,1963-02-27,30.44
1963-03-27,1963-03-27,30.48
1963-04-25,1963-04-25,30.51
1963-05-28,1963-05-28,30.48
1963-06-26,1963-06-26,30.51
1963-07-26,1963-07-26,30.61
1963-08-27,1963-08-27,30.69
1963-09-25,1963-09-25,30.75
1963-10-30,1963-10-30,30.72
1963-11-29,1963-11-29,30.75
1963-12-27,1963-12-27,30.78
1964-01-29,1964-01-29,30.88
1964-03-03,1964-03-03,30.94
1964-04-30,1964-04-30,30.94
1964-05-28,1964-05-28,30.95
1964-06-26,1964-06-26,30.98
1964-07-31,1964-07-31,31.01
1964-08-28,1964-08-28,31.02
1964-09-30,1964-09-30,31.05
1964-10-30,1964-10-30,31.08
1964-11-30,1964-11-30,31.12
1964-12-30,1964-12-30,31.21
1965-01-28,1965-01-28,31.25
1965-02-26,1965-02-26,31.28
1965-03-30,1965-03-30,31.28
1965-04-28,1965-04-28,31.31
1965-05-27,1965-05-27,31.38
1965-06-30,1965-06-30,31.48
1965-07-29,1965-07-29,31.61
1965-08-27,1965-08-27,31.58
1965-09-29,1965-09-29,31.55
1965-10-28,1965-10-28,31.62
1965-11-30,1965-11-30,31.65
1965-12-30,1965-12-30,31.75
1966-01-27,1966-01-27,31.85
1966-02-28,1966-02-28,31.88
1966-03-29,1966-03-29,32.08
1966-04-21,1966-04-21,32.18
1966-05-20,1966-05-20,32.28
1966-06-21,1966-06-21,32.35
1966-07-21,1966-07-21,32.38
1966-08-22,1966-08-22,32.45
1966-09-22,1966-09-22,32.65
1966-10-20,1966-10-20,32.75
1966-11-23,1966-11-23,32.85
1966-12-22,1966-12-22,32.88
1967-01-20,1967-01-20,32.92
1967-02-20,1967-02-20,32.9
1967-03-20,1967-03-20,33.0
1967-04-26,1967-04-26,33.0
1967-05-23,1967-05-23,33.1
1967-06-28,1967-06-28,33.1
1967-07-26,1967-07-26,33.3
1967-08-25,1967-08-25,33.4
1967-09-27,1967-09-27,33.5
1967-10-26,1967-10-26,33.6
1967-11-29,1967-11-29,33.7
1967-12-22,1967-12-22,33.9
1968-01-25,1968-01-25,34.0
1968-02-29,1968-02-29,34.1
1968-03-27,1968-03-27,34.2
1968-04-26,1968-04-26,34.3
1968-05-28,1968-05-28,34.4
1968-06-28,1968-06-28,34.5
1968-07-31,1968-07-31,34.7
1968-08-27,1968-08-27,34.9
1968-09-26,1968-09-26,35.0
1968-10-29,1968-10-29,35.1
1968-11-27,1968-11-27,35.3
1968-12-27,1968-12-27,35.4
1969-01-29,1969-01-29,35.6
1969-02-25,1969-02-25,35.7
1969-03-25,1969-03-25,35.8
1969-04-24,1969-04-24,36.1
1969-05-22,1969-05-22,36.3
1969-06-24,1969-06-24,36.4
1969-07-23,1969-07-23,36.6
1969-08-22,1969-08-22,36.8
1969-09-22,1969-09-22,36.9
1969-10-22,1969-10-22,37.1
1969-11-21,1969-11-21,37.3
1969-12-19,1969-12-19,37.5
1970-01-19,1970-01-19,37.7
1970-02-19,1970-02-19,37.9
1970-03-20,1970-03-20,38.1
1970-04-22,1970-04-22,38.3
1970-05-20,1970-05-20,38.5
1970-06-18,1970-06-18,38.6
1970-07-21,1970-07-21,38.8
1970-08-21,1970-08-21,38.9
1970-09-19,1970-09-19,39.0
1970-10-21,1970-10-21,39.2
1970-11-20,1970-11-20,39.4
1970-12-23,1970-12-23,39.6
1971-01-29,1971-01-29,39.8
1971-02-19,1971-02-19,39.9
1971-03-19,1971-03-19,39.9
1971-04-22,1971-04-22,40.0
1971-05-21,1971-05-21,40.1
1971-06-22,1971-06-22,40.3
1971-07-22,1971-07-22,40.5
1971-08-20,1971-08-20,40.6
1971-09-22,1971-09-22,40.7
1971-10-22,1971-10-22,40.8
1971-11-19,1971-11-19,40.9
1971-12-22,1971-12-22,41.0
1972-01-21,1972-01-21,41.1
1972-02-23,1972-02-23,41.2
1972-03-22,1972-03-22,41.4
1972-04-21,1972-04-21,41.4
1972-05-19,1972-05-19,41.5
1972-06-21,1972-06-21,41.6
1972-07-21,1972-07-21,41.7
1972-08-22,1972-08-22,41.8
1972-09-22,1972-09-22,41.9
1972-10-20,1972-10-20,42.1
1972-11-21,1972-11-21,42.2
1972-12-22,1972-12-22,42.4
1973-01-23,1973-01-23,42.5
1973-02-22,1973-02-22,42.7
1973-03-21,1973-03-21,43.0
1973-04-20,1973-04-20,43.4
1973-05-22,1973-05-22,43.7
1973-06-21,1973-06-21,43.9
1973-07-20,1973-07-20,44.2
1973-08-21,1973-08-21,44.2
1973-09-21,1973-09-21,45.0
1973-10-19,1973-10-19,45.2
1973-11-21,1973-11-21,45.6
1973-12-21,1973-12-21,45.9
1974-01-22,1974-01-22,46.3
1974-02-22,1974-02-22,46.8
1974-03-21,1974-03-21,47.3
1974-04-19,1974-04-19,47.8
1974-05-21,1974-05-21,48.1
1974-06-21,1974-06-21,48.6
1974-07-19,1974-07-19,49.0
1974-08-21,1974-08-21,49.3
1974-09-20,1974-09-20,49.9
1974-10-22,1974-10-22,50.6
1974-11-21,1974-11-21,51.0
1974-12-20,1974-12-20,51.5
1975-01-21,1975-01-21,51.9
1975-02-21,1975-02-21,52.3
1975-03-20,1975-03-20,52.6
1975-04-22,1975-04-22,52.8
1975-05-21,1975-05-21,53.0
1975-06-20,1975-06-20,53.1
1975-07-22,1975-07-22,53.5
1975-08-21,1975-08-21,54.0
1975-09-19,1975-09-19,54.2
1975-10-22,1975-10-22,54.6
1975-11-20,1975-11-20,54.9
1975-12-19,1975-12-19,55.3
1976-01-21,1976-01-21,55.6
1976-02-20,1976-02-20,55.8
1976-03-19,1976-03-19,55.9
1976-04-21,1976-04-21,56.0
1976-05-21,1976-05-21,56.1
1976-06-22,1976-06-22,56.4
1976-07-21,1976-07-21,56.7
1976-08-20,1976-08-20,57.0
1976-09-21,1976-09-21,57.3
1976-10-21,1976-10-21,57.6
1976-11-19,1976-11-19,57.9
1976-12-21,1976-12-21,58.1
1977-01-19,1977-01-19,58.4
1977-02-18,1977-02-18,58.7
1977-03-18,1977-03-18,59.3
1977-04-21,1977-04-21,59.6
1977-05-20,1977-05-20,60.0
1977-06-21,1977-06-21,60.2
1977-07-21,1977-07-21,60.5
1977-08-19,1977-08-19,60.8
1977-09-21,1977-09-21,61.1
1977-10-21,1977-10-21,61.3
1977-11-22,1977-11-22,61.6
1977-12-21,1977-12-21,62.0
1978-01-20,1978-01-20,62.3
1978-02-27,1978-02-27,62.7
1978-03-28,1978-03-28,63.0
1978-04-28,1978-04-28,63.4
1978-05-31,1978-05-31,63.9
1978-06-30,1978-06-30,64.5
1978-07-28,1978-07-28,65.0
1978-08-29,1978-08-29,65.5
1978-09-26,1978-09-26,65.9
1978-10-26,1978-10-26,66.5
1978-11-28,1978-11-28,67.1
1978-12-22,1978-12-22,67.5
1979-01-24,1979-01-24,67.9
1979-02-23,1979-02-23,68.5
1979-03-23,1979-03-23,69.2
1979-04-26,1979-04-26,69.9
1979-05-25,1979-05-25,70.6
1979-06-26,1979-06-26,71.4
1979-07-26,1979-07-26,72.2
1979-08-24,1979-08-24,73.0
1979-09-25,1979-09-25,73.7
1979-10-26,1979-10-26,74.4
1979-11-27,1979-11-27,75.2
1979-12-21,1979-12-21,76.0
1980-01-25,1980-01-25,76.9
1980-02-22,1980-02-22,78.0
1980-03-25,1980-03-25,79.0
1980-04-22,1980-04-22,80.1
1980-05-23,1980-05-23,80.9
1980-06-24,1980-06-24,81.7
1980-07-23,1980-07-23,82.5
1980-08-22,1980-08-22,82.6
1980-09-23,1980-09-23,83.2
1980-10-24,1980-10-24,83.9
1980-11-25,1980-11-25,84.7
1980-12-23,1980-12-23,85.6
1981-01-23,1981-01-23,86.4
1981-02-25,1981-02-25,87.2
1981-03-24,1981-03-24,88.0
1981-04-23,1981-04-23,88.6
1981-05-22,1981-05-22,89.1
1981-06-23,1981-06-23,89.7
1981-07-23,1981-07-23,90.5
1981-08-25,1981-08-25,91.5
1981-09-24,1981-09-24,92.2
1981-10-23,1981-10-23,93.1
1981-11-24,1981-11-24,93.4
1981-12-22,1981-12-22,93.8
1982-01-22,1982-01-22,94.1
1982-02-25,1982-02-25,94.4
1982-03-23,1982-03-23,94.7
1982-04-23,1982-04-23,94.7
1982-05-21,1982-05-21,95.0
1982-06-22,1982-06-22,95.9
1982-07-23,1982-07-23,97.0
1982-08-24,1982-08-24,97.5
1982-09-23,1982-09-23,97.7
1982-10-26,1982-10-26,97.7
1982-11-23,1982-11-23,98.1
1982-12-21,1982-12-21,98.0
1983-01-21,1983-01-21,97.7
1983-02-25,1983-02-25,97.9
1983-03-23,1983-03-23,98.0
1983-04-22,1983-04-22,98.1
1983-05-24,1983-05-24,98.8
1983-06-22,1983-06-22,99.2
1983-07-22,1983-07-22,99.4
1983-08-23,1983-08-23,99.8
1983-09-23,1983-09-23,100.1
1983-10-25,1983-10-25,100.4
1983-11-23,1983-11-23,100.8
1983-12-21,1983-12-21,101.1
1984-01-24,1984-01-24,101.4
1984-02-24,1984-02-24,102.1
1984-03-23,1984-03-23,102.6
1984-04-24,1984-04-24,102.9
1984-05-22,1984-05-22,103.3
1984-06-22,1984-06-22,103.5
1984-07-24,1984-07-24,103.7
1984-08-22,1984-08-22,104.1
1984-09-21,1984-09-21,104.4
1984-10-24,1984-10-24,104.7
1984-11-21,1984-11-21,105.1
1984-12-20,1984-12-20,105.3
1985-01-23,1985-01-23,105.5
1985-02-26,1985-02-26,105.7
1985-03-22,1985-03-22,106.3
1985-04-23,1985-04-23,106.8
1985-05-21,1985-05-21,107.0
1985-06-20,1985-06-20,107.2
1985-07-23,1985-07-23,107.5
1985-08-22,1985-08-22,107.7
1985-09-24,1985-09-24,107.9
1985-10-23,1985-10-23,108.1
1985-11-22,1985-11-22,108.5
1985-12-20,1985-12-20,109.0
1986-01-22,1986-01-22,109.5
1986-02-25,1986-02-25,109.9
1986-03-25,1986-03-25,109.7
1986-04-22,1986-04-22,109.1
1986-05-21,1986-05-21,108.7
1986-06-20,1986-06-20,109.0
1986-07-23,1986-07-23,109.4
1986-08-21,1986-08-21,109.5
1986-09-23,1986-09-23,109.6
1986-10-23,1986-10-23,110.0
1986-11-25,1986-11-25,110.2
1986-12-19,1986-12-19,110.4
1987-01-21,1987-01-21,110.8
1987-02-27,1987-02-27,111.4
1987-03-27,1987-03-27,111.8
1987-04-24,1987-04-24,112.2
1987-05-22,1987-05-22,112.7
1987-06-23,1987-06-23,113.0
1987-07-22,1987-07-22,113.5
1987-08-21,1987-08-21,113.8
1987-09-23,1987-09-23,114.3
1987-10-23,1987-10-23,114.7
1987-11-20,1987-11-20,115.0
1987-12-18,1987-12-18,115.4
1988-01-20,1988-01-20,115.6
1988-02-26,1988-02-26,116.0
1988-03-23,1988-03-23,116.2
1988-04-20,1988-04-20,116.5
1988-05-20,1988-05-20,117.2
1988-06-21,1988-06-21,117.5
1988-07-22,1988-07-22,118.0
1988-08-23,1988-08-23,118.5
1988-09-21,1988-09-21,119.0
1988-10-21,1988-10-21,119.5
1988-11-22,1988-11-22,119.9
1988-12-20,1988-12-20,120.3
1989-01-19,1989-01-19,120.7
1989-02-22,1989-02-22,121.2
1989-03-21,1989-03-21,121.6
1989-04-18,1989-04-18,122.2
1989-05-18,1989-05-18,123.1
1989-06-16,1989-06-16,123.7
1989-07-19,1989-07-19,124.1
1989-08-18,1989-08-18,124.5
1989-09-19,1989-09-19,124.5
1989-10-19,1989-10-19,124.8
1989-11-21,1989-11-21,125.4
1989-12-19,1989-12-19,125.9
1990-01-18,1990-01-18,126.3
1990-02-21,1990-02-21,127.5
1990-03-20,1990-03-20,128.0
1990-04-17,1990-04-17,128.6
1990-05-16,1990-05-16,128.9
1990-06-15,1990-06-15,129.1
1990-07-18,1990-07-18,129.9
1990-08-16,1990-08-16,130.5
1990-09-18,1990-09-18,131.6
1990-10-18,1990-10-18,132.5
1990-11-16,1990-11-16,133.4
1990-12-18,1990-12-18,133.7
1991-01-16,1991-01-16,134.2
1991-02-20,1991-02-20,134.7
1991-03-19,1991-03-19,134.8
1991-04-12,1991-04-12,134.8
1991-05-14,1991-05-14,135.1
1991-06-14,1991-06-14,135.6
1991-07-17,1991-07-17,136.0
1991-08-14,1991-08-14,136.2
1991-09-13,1991-09-13,136.6
1991-10-17,1991-10-17,137.0
1991-11-14,1991-11-14,137.2
1991-12-13,1991-12-13,137.8
1992-01-16,1992-01-16,138.2
1992-02-19,1992-02-19,138.3
1992-03-17,1992-03-17,138.6
1992-04-10,1992-04-10,139.1
1992-05-13,1992-05-13,139.4
1992-06-12,1992-06-12,139.7
1992-07-14,1992-07-14,140.1
1992-08-13,1992-08-13,140.5
1992-09-15,1992-09-15,140.8
1992-10-15,1992-10-15,141.1
1992-11-13,1992-11-13,141.7
1992-12-13,1992-12-13,142.1
1993-01-15,1993-01-15,142.3
1993-02-18,1993-02-18,142.8
1993-03-17,1993-03-17,143.1
1993-04-09,1993-04-09,143.3
1993-05-13,1993-05-13,143.8
1993-06-15,1993-06-15,144.2
1993-07-14,1993-07-14,144.3
1993-08-13,1993-08-13,144.5
1993-09-14,1993-09-14,144.8
1993-10-15,1993-10-15,145.0
1993-11-10,1993-11-10,145.6
1993-12-10,1993-12-10,146.0
1994-01-13,1994-01-13,146.3
1994-02-17,1994-02-17,146.3
1994-03-16,1994-03-16,146.7
1994-04-13,1994-04-13,147.1
1994-05-13,1994-05-13,147.2
1994-06-14,1994-06-14,147.5
1994-07-13,1994-07-13,147.9
1994-08-12,1994-08-12,148.4
1994-09-13,1994-09-13,149.0
1994-10-14,1994-10-14,149.3
1994-11-16,1994-11-16,149.4
1994-12-14,1994-12-14,149.8
1995-01-11,1995-01-11,150.1
1995-02-15,1995-02-15,150.5
1995-03-16,1995-03-16,150.9
1995-04-12,1995-04-12,151.2
1995-05-12,1995-05-12,151.8
1995-06-13,1995-06-13,152.1
1995-07-14,1995-07-14,152.4
1995-08-11,1995-08-11,152.6
1995-09-13,1995-09-13,152.9
1995-10-13,1995-10-13,153.1
1995-11-15,1995-11-15,153.5
1995-12-14,1995-12-14,153.7
1996-02-01,1996-02-01,153.9
1996-03-15,1996-03-15,155.0
1996-04-12,1996-04-12,155.5
1996-05-14,1996-05-14,156.1
1996-06-12,1996-06-12,156.4
1996-07-16,1996-07-16,156.7
1996-08-13,1996-08-13,157.0
1996-09-13,1996-09-13,157.2
1996-10-16,1996-10-16,157.7
1996-11-14,1996-11-14,158.2
1996-12-12,1996-12-12,158.7
1997-01-14,1997-01-14,159.1
1997-02-19,1997-02-19,159.4
1997-03-19,1997-03-19,159.7
1997-04-15,1997-04-15,159.8
1997-05-15,1997-05-15,159.9
1997-06-17,1997-06-17,159.9
1997-07-16,1997-07-16,160.2
1997-08-14,1997-08-14,160.4
1997-09-16,1997-09-16,160.8
1997-10-16,1997-10-16,161.2
1997-11-18,1997-11-18,161.5
1997-12-16,1997-12-16,161.7
1998-01-13,1998-01-13,161.8
1998-02-24,1998-02-24,162.0
1998-03-19,1998-03-19,162.0
1998-04-14,1998-04-14,162.0
1998-05-14,1998-05-14,162.2
1998-06-16,1998-06-16,162.6
1998-07-14,1998-07-14,162.8
1998-08-18,1998-08-18,163.2
1998-09-17,1998-09-17,163.4
1998-10-16,1998-10-16,163.5
1998-11-17,1998-11-17,163.9
1998-12-15,1998-12-15,164.1
1999-01-14,1999-01-14,164.4
1999-02-19,1999-02-19,164.7
1999-03-18,1999-03-18,164.7
1999-04-13,1999-04-13,164.8
1999-05-14,1999-05-14,165.9
1999-06-16,1999-06-16,166.0
1999-07-15,1999-07-15,166.0
1999-08-17,1999-08-17,166.7
1999-09-15,1999-09-15,167.1
1999-10-19,1999-10-19,167.8
1999-11-17,1999-11-17,168.1
1999-12-14,1999-12-14,168.4
2000-01-14,2000-01-14,168.8
2000-02-18,2000-02-18,169.3
2000-03-17,2000-03-17,170.0
2000-04-14,2000-04-14,171.0
2000-05-16,2000-05-16,170.9
2000-06-14,2000-06-14,171.2
2000-07-18,2000-07-18,172.2
2000-08-16,2000-08-16,172.7
2000-09-15,2000-09-15,172.7
2000-10-18,2000-10-18,173.6
2000-11-16,2000-11-16,173.9
2000-12-15,2000-12-15,174.2
2001-01-17,2001-01-17,174.6
2001-02-21,2001-02-21,175.6
2001-03-21,2001-03-21,176.0
2001-04-17,2001-04-17,176.1
2001-05-16,2001-05-16,176.4
2001-06-15,2001-06-15,177.3
2001-07-18,2001-07-18,177.7
2001-08-16,2001-08-16,177.4
2001-09-18,2001-09-18,177.4
2001-10-19,2001-10-19,178.1
2001-11-16,2001-11-16,177.6
2001-12-14,2001-12-14,177.5
2002-01-16,2002-01-16,177.4
2002-02-20,2002-02-20,177.7
2002-03-21,2002-03-21,178.0
2002-04-16,2002-04-16,178.5
2002-05-15,2002-05-15,179.3
2002-06-18,2002-06-18,179.5
2002-07-19,2002-07-19,179.6
2002-08-16,2002-08-16,180.0
2002-09-18,2002-09-18,180.5
2002-10-18,2002-10-18,180.8
2002-11-19,2002-11-19,181.2
2002-12-17,2002-12-17,181.5
2003-01-16,2003-01-16,181.8
2003-02-21,2003-02-21,182.6
2003-03-21,2003-03-21,183.6
2003-04-16,2003-04-16,183.9
2003-05-16,2003-05-16,183.2
2003-06-17,2003-06-17,182.9
2003-07-16,2003-07-16,183.1
2003-08-15,2003-08-15,183.7
2003-09-16,2003-09-16,184.5
2003-10-16,2003-10-16,185.1
2003-11-18,2003-11-18,184.9
2003-12-16,2003-12-16,185.0
2004-01-15,2004-01-15,185.5
2004-02-20,2004-02-20,186.3
2004-03-17,2004-03-17,186.7
2004-04-14,2004-04-14,187.1
2004-05-14,2004-05-14,187.4
2004-06-15,2004-06-15,188.2
2004-07-16,2004-07-16,188.9
2004-08-17,2004-08-17,189.1
2004-09-16,2004-09-16,189.2
2004-10-19,2004-10-19,189.8
2004-11-17,2004-11-17,190.8
2004-12-17,2004-12-17,191.7
2005-01-19,2005-01-19,191.7
2005-02-18,2005-02-18,191.6
2005-03-23,2005-03-23,192.4
2005-04-20,2005-04-20,193.1
2005-05-18,2005-05-18,193.7
2005-06-15,2005-06-15,193.6
2005-07-14,2005-07-14,193.7
2005-08-16,2005-08-16,194.9
2005-09-15,2005-09-15,196.1
2005-10-14,2005-10-14,198.8
2005-11-16,2005-11-16,199.1
2005-12-15,2005-12-15,198.1
2006-01-18,2006-01-18,198.1
2006-02-17,2006-02-17,199.3
2006-03-16,2006-03-16,199.4
2006-04-19,2006-04-19,199.7
2006-05-17,2006-05-17,200.7
2006-06-14,2006-06-14,201.3
2006-07-19,2006-07-19,201.8
2006-08-16,2006-08-16,202.9
2006-09-15,2006-09-15,203.8
2006-10-18,2006-10-18,202.8
2006-11-16,2006-11-16,201.9
2006-12-15,2006-12-15,202.0
2007-01-18,2007-01-18,203.1
2007-02-16,2007-02-16,203.437
2007-03-16,2007-03-16,204.226
2007-04-17,2007-04-17,205.288
2007-05-15,2007-05-15,205.904
2007-06-15,2007-06-15,206.755
2007-07-18,2007-07-18,207.234
2007-08-15,2007-08-15,207.603
2007-09-19,2007-09-19,207.667
2007-10-17,2007-10-17,208.547
2007-11-15,2007-11-15,209.19
2007-12-14,2007-12-14,210.834
2008-01-16,2008-01-16,211.445
2008-02-15,2008-02-15,212.174
2008-03-14,2008-03-14,212.687
2008-04-16,2008-04-16,213.448
2008-05-14,2008-05-14,213.942
2008-06-13,2008-06-13,215.208
2008-07-16,2008-07-16,217.463
2008-08-14,2008-08-14,219.016
2008-09-16,2008-09-16,218.69
2008-10-16,2008-10-16,218.877
2008-11-19,2008-11-19,216.995
2008-12-16,2008-12-16,213.153
2009-01-16,2009-01-16,211.398
2009-02-18,2009-02-18,211.933
2009-03-18,2009-03-18,212.705
2009-04-15,2009-04-15,212.495
2009-05-15,2009-05-15,212.709
2009-06-17,2009-06-17,213.022
2009-07-15,2009-07-15,214.79
2009-08-14,2009-08-14,214.726
2009-09-16,2009-09-16,215.445
2009-10-15,2009-10-15,215.861
2009-11-18,2009-11-18,216.509
2009-12-16,2009-12-16,217.234
2010-01-15,2010-01-15,217.347
2010-02-17,2010-02-17,217.488
2010-03-18,2010-03-18,217.281
2010-04-14,2010-04-14,217.353
2010-05-19,2010-05-19,217.403
2010-06-17,2010-06-17,217.29
2010-07-16,2010-07-16,217.199
2010-08-13,2010-08-13,217.605
2010-09-17,2010-09-17,217.923
2010-10-15,2010-10-15,218.275
2010-11-17,2010-11-17,219.035
2010-12-15,2010-12-15,219.59
2011-01-14,2011-01-14,220.472
2011-02-15,2011-02-15,221.187
2011-03-17,2011-03-17,221.898
2011-04-15,2011-04-15,223.046
2011-05-13,2011-05-13,224.093
2011-06-15,2011-06-15,224.806
2011-07-15,2011-07-15,224.806
2011-08-18,2011-08-18,225.395
2011-09-15,2011-09-15,226.106
2011-10-19,2011-10-19,226.597
2011-11-16,2011-11-16,226.75
2011-12-16,2011-12-16,227.169
2012-01-19,2012-01-19,227.223
2012-02-15,2012-02-15,227.842
2012-03-16,2012-03-16,228.329
2012-04-13,2012-04-13,228.807
2012-05-15,2012-05-15,229.187
2012-06-14,2012-06-14,228.713
2012-07-17,2012-07-17,228.524
2012-08-15,2012-08-15,228.59
2012-09-14,2012-09-14,229.918
2012-10-16,2012-10-16,231.015
2012-11-15,2012-11-15,231.638
2012-12-14,2012-12-14,231.249
2013-01-16,2013-01-16,231.221
2013-02-19,2013-02-19,231.679
2013-03-15,2013-03-15,232.937
2013-04-16,2013-04-16,232.282
2013-05-16,2013-05-16,231.797
2013-06-18,2013-06-18,231.893
2013-07-16,2013-07-16,232.445
2013-08-15,2013-08-15,232.9
2013-09-17,2013-09-17,233.456
2013-10-30,2013-10-30,233.544
2013-11-20,2013-11-20,233.669
2013-12-17,2013-12-17,234.1
2014-01-16,2014-01-16,234.719
2014-02-18,2014-02-18,235.288
2014-03-18,2014-03-18,235.547
2014-04-15,2014-04-15,236.028
2014-05-15,2014-05-15,236.468
2014-06-17,2014-06-17,236.918
2014-07-22,2014-07-22,237.231
2014-08-19,2014-08-19,237.498
2014-09-17,2014-09-17,237.46
2014-10-22,2014-10-22,237.477
2014-11-20,2014-11-20,237.43
2014-12-17,2014-12-17,236.983
2015-01-16,2015-01-16,236.252
2015-02-20,2015-02-20,234.747
2015-03-24,2015-03-24,235.342
2015-04-17,2015-04-17,235.976
2015-05-22,2015-05-22,236.222
2015-06-18,2015-06-18,237.001
2015-07-17,2015-07-17,237.657
2015-08-19,2015-08-19,238.034
2015-09-16,2015-09-16,238.033
2015-10-15,2015-10-15,237.498
2015-11-17,2015-11-17,237.733
2015-12-15,2015-12-15,238.017
2016-01-20,2016-01-20,237.761
2016-02-19,2016-02-19,237.652
2016-03-16,2016-03-16,237.336
2016-04-14,2016-04-14,238.08
2016-05-17,2016-05-17,238.992
2016-06-16,2016-06-16,239.557
2016-07-15,2016-07-15,240.222
2016-08-16,2016-08-16,240.101
2016-09-16,2016-09-16,240.545
2016-10-18,2016-10-18,241.176
2016-11-17,2016-11-17,241.741
2016-12-15,2016-12-15,242.026
2017-01-18,2017-01-18,242.637
2017-02-13,2017-02-13,243.618
2017-03-15,2017-03-15,244.006
2017-04-14,2017-04-14,243.892
2017-05-12,2017-05-12,244.193
2017-06-14,2017-06-14,244.004
2017-07-14,2017-07-14,244.163
2017-08-11,2017-08-11,244.243
2017-09-14,2017-09-14,245.183
2017-10-13,2017-10-13,246.435
2017-11-15,2017-11-15,246.626
2017-12-13,2017-12-13,247.284
2018-01-12,2018-01-12,247.805
2018-02-14,2018-02-14,248.859
2018-03-13,2018-03-13,249.529
2018-04-11,2018-04-11,249.577
2018-05-10,2018-05-10,250.227
2018-06-12,2018-06-12,250.792
2018-07-12,2018-07-12,251.018
2018-08-10,2018-08-10,251.214
2018-09-13,2018-09-13,251.663
2018-10-11,2018-10-11,252.182
2018-11-14,2018-11-14,252.772
2018-12-12,2018-12-12,252.594
2019-01-11,2019-01-11,252.767
2019-02-11,2019-02-11,252.561
2019-03-12,2019-03-12,253.319
2019-04-10,2019-04-10,254.277
2019-05-10,2019-05-10,255.233
2019-06-12,2019-06-12,255.296
2019-07-11,2019-07-11,255.213
2019-08-13,2019-08-13,255.802
2019-09-12,2019-09-12,256.036
2019-10-10,2019-10-10,256.43
2019-11-13,2019-11-13,257.155
2019-12-11,2019-12-11,257.879
2020-01-14,2020-01-14,258.63
2020-02-11,2020-02-11,259.127
2020-03-11,2020-03-11,259.25
2020-04-10,2020-04-10,258.076
2020-05-12,2020-05-12,256.032
2020-06-10,2020-06-10,255.802
2020-07-14,2020-07-14,257.042
2020-08-12,2020-08-12,258.352
2020-09-11,2020-09-11,259.316
2020-10-13,2020-10-13,259.997
2020-11-12,2020-11-12,260.319
2020-12-10,2020-12-10,260.911
2021-01-13,2021-01-13,262.045
2021-02-08,2021-02-08,262.639
2021-03-10,2021-03-10,263.573
2021-04-13,2021-04-13,264.847
2021-05-12,2021-05-12,266.625
2021-06-10,2021-06-10,268.404
2021-07-13,2021-07-13,270.71
2021-08-11,2021-08-11,271.965
2021-09-14,2021-09-14,272.752
2021-10-13,2021-10-13,273.942
2021-11-10,2021-11-10,276.528
2021-12-10,2021-12-10,278.824
2022-01-12,2022-01-12,280.806
2022-02-08,2022-02-08,282.542
2022-03-10,2022-03-10,284.525
2022-04-12,2022-04-12,287.467
2022-05-11,2022-05-11,288.582
2022-06-10,2022-06-10,291.299
2022-07-13,2022-07-13,295.072
2022-08-10,2022-08-10,294.94
2022-09-13,2022-09-13,295.162
2022-10-13,2022-10-13,296.421
2022-11-10,2022-11-10,297.979
2022-12-13,2022-12-13,298.708
2023-01-12,2023-01-12,298.808
2023-02-10,2023-02-10,300.456
2023-03-14,2023-03-14,301.476
2023-04-12,2023-04-12,301.643
2023-05-10,2023-05-10,302.858
2023-06-13,2023-06-13,303.316
2023-07-12,2023-07-12,304.099
2023-08-10,2023-08-10,304.615
2023-09-13,2023-09-13,306.138
2023-10-12,2023-10-12,307.374
2023-11-14,2023-11-14,307.653
2023-12-12,2023-12-12,308.087
2024-01-11,2024-01-11,308.735
2024-02-09,2024-02-09,309.794
2024-03-12,2024-03-12,311.022
2024-04-10,2024-04-10,312.107
2024-05-15,2024-05-15,313.016
2024-06-12,2024-06-12,313.14
2024-07-11,2024-07-11,313.131
2024-08-14,2024-08-14,313.566
2024-09-11,2024-09-11,314.131
2024-10-10,2024-10-10,314.851
2024-11-13,2024-11-13,315.564
2024-12-11,2024-12-11,316.449
2025-01-15,2025-01-15,317.603
2025-02-12,2025-02-12,319.086
2025-03-12,2025-03-12,319.775
