date,target_date,actual_target,predicted_target,cpi_released_target,prev_target_date,actual_prev,predicted_prev,cpi_released_prev
2023-10-05,2023-11-14,,3.7186358677607543,False,2023-10-31,,3.7186358677607543,False
2023-10-06,2023-11-14,,3.7186358677607543,False,2023-10-31,,3.7186358677607543,False
2023-10-07,2023-11-14,,3.7186358677607543,False,2023-10-31,,3.7186358677607543,False
2023-10-08,2023-11-14,,3.7186358677607543,False,2023-10-31,,3.7186358677607543,False
2023-10-09,2023-11-14,,3.7186358677607543,False,2023-10-31,,3.7186358677607543,False
2023-10-10,2023-11-14,,3.7186358677607543,False,2023-10-31,,3.7186358677607543,False
2023-10-11,2023-11-14,,3.7186358677607543,False,2023-10-31,,3.7186358677607543,False
2023-10-12,2023-11-14,,3.7166730731326445,False,2023-10-31,,3.7166730731326445,False
2023-10-13,2023-11-14,,3.7147102785045347,False,2023-10-31,,3.7147102785045347,False
2023-10-14,2023-11-14,,3.712747483876425,False,2023-10-31,,3.712747483876425,False
2023-10-15,2023-11-14,,3.710784689248315,False,2023-10-31,,3.710784689248315,False
2023-10-16,2023-11-14,,3.7088218946202054,False,2023-10-31,,3.7088218946202054,False
2023-10-17,2023-11-14,,3.7068590999920956,False,2023-10-31,,3.7068590999920956,False
2023-10-18,2023-11-14,,3.704896305363986,False,2023-10-31,,3.704896305363986,False
2023-10-19,2023-11-14,,3.702933510735876,False,2023-10-31,,3.702933510735876,False
2023-10-20,2023-11-14,,3.7009707161077663,False,2023-10-31,,3.7009707161077663,False
2023-10-21,2023-11-14,,3.6990079214796565,False,2023-10-31,,3.6990079214796565,False
2023-10-22,2023-11-14,,3.6970451268515467,False,2023-10-31,,3.6970451268515467,False
2023-10-23,2023-11-14,,3.695082332223437,False,2023-10-31,,3.695082332223437,False
2023-10-24,2023-11-14,,3.695082332223437,False,2023-10-31,,3.695082332223437,False
2023-10-25,2023-11-14,,3.695082332223437,False,2023-10-31,,3.695082332223437,False
2023-10-26,2023-11-14,,3.695082332223437,False,2023-10-31,,3.695082332223437,False
2023-10-27,2023-11-14,,3.695082332223437,False,2023-10-31,,3.695082332223437,False
2023-10-28,2023-11-14,,3.695082332223437,False,2023-10-31,,3.695082332223437,False
2023-10-29,2023-11-14,,3.695082332223437,False,2023-10-31,,3.695082332223437,False
2023-10-30,2023-11-14,,3.695082332223437,False,2023-10-31,,3.695082332223437,False
2023-10-31,2023-11-14,,3.695082332223437,False,2023-10-31,,3.695082332223437,False
2023-11-01,2023-11-14,,3.695082332223437,False,2023-10-31,,3.695082332223437,False
2023-11-02,2023-11-14,,3.695082332223437,False,2023-10-31,,3.695082332223437,False
2023-11-03,2023-11-14,,3.695082332223437,False,2023-10-31,,3.695082332223437,False
2023-11-04,2023-11-14,,3.695082332223437,False,2023-10-31,,3.695082332223437,False
2023-11-05,2023-11-14,,3.695082332223437,False,2023-10-31,,3.695082332223437,False
2023-11-06,2023-11-14,,3.695082332223437,False,2023-10-31,,3.695082332223437,False
2023-11-07,2023-11-14,,3.695082332223437,False,2023-10-31,,3.695082332223437,False
2023-11-08,2023-11-14,,3.695082332223437,False,2023-10-31,,3.695082332223437,False
2023-11-09,2023-11-14,,3.695082332223437,False,2023-10-31,,3.695082332223437,False
2023-11-10,2023-11-14,,3.695082332223437,False,2023-10-31,,3.695082332223437,False
2023-11-11,2023-11-14,,3.695082332223437,False,2023-10-31,,3.695082332223437,False
2023-11-12,2023-11-14,,3.695082332223437,False,2023-10-31,,3.695082332223437,False
2023-11-13,2023-11-14,,3.695082332223437,False,2023-10-31,,3.695082332223437,False
2023-11-14,2023-11-14,3.246537507676727,3.6577035968445446,True,2023-10-31,,3.6577035968445446,False
2023-11-02,2023-12-12,,3.695082332223437,False,2023-11-30,,3.695082332223437,False
2023-11-03,2023-12-12,,3.695082332223437,False,2023-11-30,,3.695082332223437,False
2023-11-04,2023-12-12,,3.695082332223437,False,2023-11-30,,3.695082332223437,False
2023-11-05,2023-12-12,,3.695082332223437,False,2023-11-30,,3.695082332223437,False
2023-11-06,2023-12-12,,3.695082332223437,False,2023-11-30,,3.695082332223437,False
2023-11-07,2023-12-12,,3.695082332223437,False,2023-11-30,,3.695082332223437,False
2023-11-08,2023-12-12,,3.695082332223437,False,2023-11-30,,3.695082332223437,False
2023-11-09,2023-12-12,,3.695082332223437,False,2023-11-30,,3.695082332223437,False
2023-11-10,2023-12-12,,3.695082332223437,False,2023-11-30,,3.695082332223437,False
2023-11-11,2023-12-12,,3.695082332223437,False,2023-11-30,,3.695082332223437,False
2023-11-12,2023-12-12,,3.695082332223437,False,2023-11-30,,3.695082332223437,False
2023-11-13,2023-12-12,,3.695082332223437,False,2023-11-30,,3.695082332223437,False
2023-11-14,2023-12-12,,3.6577035968445446,False,2023-11-30,,3.6577035968445446,False
2023-11-15,2023-12-12,,3.6203248614656522,False,2023-11-30,,3.6203248614656522,False
2023-11-16,2023-12-12,,3.58294612608676,False,2023-11-30,,3.58294612608676,False
2023-11-17,2023-12-12,,3.5455673907078666,False,2023-11-30,,3.5455673907078666,False
2023-11-18,2023-12-12,,3.5081886553289743,False,2023-11-30,,3.5081886553289743,False
2023-11-19,2023-12-12,,3.470809919950082,False,2023-11-30,,3.470809919950082,False
2023-11-20,2023-12-12,,3.4334311845711896,False,2023-11-30,,3.4334311845711896,False
2023-11-21,2023-12-12,,3.3960524491922968,False,2023-11-30,,3.3960524491922968,False
2023-11-22,2023-12-12,,3.3586737138134044,False,2023-11-30,,3.3586737138134044,False
2023-11-23,2023-12-12,,3.321294978434512,False,2023-11-30,,3.321294978434512,False
2023-11-24,2023-12-12,,3.2839162430556197,False,2023-11-30,,3.2839162430556197,False
2023-11-25,2023-12-12,,3.246537507676727,False,2023-11-30,,3.246537507676727,False
2023-11-26,2023-12-12,,3.246537507676727,False,2023-11-30,,3.246537507676727,False
2023-11-27,2023-12-12,,3.246537507676727,False,2023-11-30,,3.246537507676727,False
2023-11-28,2023-12-12,,3.246537507676727,False,2023-11-30,,3.246537507676727,False
2023-11-29,2023-12-12,,3.246537507676727,False,2023-11-30,,3.246537507676727,False
2023-11-30,2023-12-12,,3.246537507676727,False,2023-11-30,,3.246537507676727,False
2023-12-01,2023-12-12,,3.246537507676727,False,2023-11-30,,3.246537507676727,False
2023-12-02,2023-12-12,,3.246537507676727,False,2023-11-30,,3.246537507676727,False
2023-12-03,2023-12-12,,3.246537507676727,False,2023-11-30,,3.246537507676727,False
2023-12-04,2023-12-12,,3.246537507676727,False,2023-11-30,,3.246537507676727,False
2023-12-05,2023-12-12,,3.246537507676727,False,2023-11-30,,3.246537507676727,False
2023-12-06,2023-12-12,,3.246537507676727,False,2023-11-30,,3.246537507676727,False
2023-12-07,2023-12-12,,3.246537507676727,False,2023-11-30,,3.246537507676727,False
2023-12-08,2023-12-12,,3.246537507676727,False,2023-11-30,,3.246537507676727,False
2023-12-09,2023-12-12,,3.246537507676727,False,2023-11-30,,3.246537507676727,False
2023-12-10,2023-12-12,,3.246537507676727,False,2023-11-30,,3.246537507676727,False
2023-12-11,2023-12-12,,3.246537507676727,False,2023-11-30,,3.246537507676727,False
2023-12-12,2023-12-12,3.139855644977691,3.2376473524518072,True,2023-11-30,,3.2376473524518072,False
2023-12-02,2024-01-11,,3.246537507676727,False,2023-12-31,,3.246537507676727,False
2023-12-03,2024-01-11,,3.246537507676727,False,2023-12-31,,3.246537507676727,False
2023-12-04,2024-01-11,,3.246537507676727,False,2023-12-31,,3.246537507676727,False
2023-12-05,2024-01-11,,3.246537507676727,False,2023-12-31,,3.246537507676727,False
2023-12-06,2024-01-11,,3.246537507676727,False,2023-12-31,,3.246537507676727,False
2023-12-07,2024-01-11,,3.246537507676727,False,2023-12-31,,3.246537507676727,False
2023-12-08,2024-01-11,,3.246537507676727,False,2023-12-31,,3.246537507676727,False
2023-12-09,2024-01-11,,3.246537507676727,False,2023-12-31,,3.246537507676727,False
2023-12-10,2024-01-11,,3.246537507676727,False,2023-12-31,,3.246537507676727,False
2023-12-11,2024-01-11,,3.246537507676727,False,2023-12-31,,3.246537507676727,False
2023-12-12,2024-01-11,,3.2376473524518072,False,2023-12-31,,3.2376473524518072,False
2023-12-13,2024-01-11,,3.2287571972268876,False,2023-12-31,,3.2287571972268876,False
2023-12-14,2024-01-11,,3.2198670420019684,False,2023-12-31,,3.2198670420019684,False
2023-12-15,2024-01-11,,3.2109768867770487,False,2023-12-31,,3.2109768867770487,False
2023-12-16,2024-01-11,,3.2020867315521286,False,2023-12-31,,3.2020867315521286,False
2023-12-17,2024-01-11,,3.193196576327209,False,2023-12-31,,3.193196576327209,False
2023-12-18,2024-01-11,,3.18430642110229,False,2023-12-31,,3.18430642110229,False
2023-12-19,2024-01-11,,3.1754162658773697,False,2023-12-31,,3.1754162658773697,False
2023-12-20,2024-01-11,,3.16652611065245,False,2023-12-31,,3.16652611065245,False
2023-12-21,2024-01-11,,3.1576359554275304,False,2023-12-31,,3.1576359554275304,False
2023-12-22,2024-01-11,,3.148745800202611,False,2023-12-31,,3.148745800202611,False
2023-12-23,2024-01-11,,3.139855644977691,False,2023-12-31,,3.139855644977691,False
2023-12-24,2024-01-11,,3.139855644977691,False,2023-12-31,,3.139855644977691,False
2023-12-25,2024-01-11,,3.139855644977691,False,2023-12-31,,3.139855644977691,False
2023-12-26,2024-01-11,,3.139855644977691,False,2023-12-31,,3.139855644977691,False
2023-12-27,2024-01-11,,3.139855644977691,False,2023-12-31,,3.139855644977691,False
2023-12-28,2024-01-11,,3.139855644977691,False,2023-12-31,,3.139855644977691,False
2023-12-29,2024-01-11,,3.139855644977691,False,2023-12-31,,3.139855644977691,False
2023-12-30,2024-01-11,,3.139855644977691,False,2023-12-31,,3.139855644977691,False
2023-12-31,2024-01-11,,3.139855644977691,False,2023-12-31,,3.139855644977691,False
2024-01-01,2024-01-11,,3.139855644977691,False,2023-12-31,,3.139855644977691,False
2024-01-02,2024-01-11,,3.139855644977691,False,2023-12-31,,3.139855644977691,False
2024-01-03,2024-01-11,,3.139855644977691,False,2023-12-31,,3.139855644977691,False
2024-01-04,2024-01-11,,3.139855644977691,False,2023-12-31,,3.139855644977691,False
2024-01-05,2024-01-11,,3.139855644977691,False,2023-12-31,,3.139855644977691,False
2024-01-06,2024-01-11,,3.139855644977691,False,2023-12-31,,3.139855644977691,False
2024-01-07,2024-01-11,,3.139855644977691,False,2023-12-31,,3.139855644977691,False
2024-01-08,2024-01-11,,3.139855644977691,False,2023-12-31,,3.139855644977691,False
2024-01-09,2024-01-11,,3.139855644977691,False,2023-12-31,,3.139855644977691,False
2024-01-10,2024-01-11,,3.139855644977691,False,2023-12-31,,3.139855644977691,False
2024-01-11,2024-01-11,3.322200208829757,3.1550510252986963,True,2023-12-31,,3.1550510252986963,False
2023-12-31,2024-02-09,,3.139855644977691,False,2024-01-31,,3.139855644977691,False
2024-01-01,2024-02-09,,3.139855644977691,False,2024-01-31,,3.139855644977691,False
2024-01-02,2024-02-09,,3.139855644977691,False,2024-01-31,,3.139855644977691,False
2024-01-03,2024-02-09,,3.139855644977691,False,2024-01-31,,3.139855644977691,False
2024-01-04,2024-02-09,,3.139855644977691,False,2024-01-31,,3.139855644977691,False
2024-01-05,2024-02-09,,3.139855644977691,False,2024-01-31,,3.139855644977691,False
2024-01-06,2024-02-09,,3.139855644977691,False,2024-01-31,,3.139855644977691,False
2024-01-07,2024-02-09,,3.139855644977691,False,2024-01-31,,3.139855644977691,False
2024-01-08,2024-02-09,,3.139855644977691,False,2024-01-31,,3.139855644977691,False
2024-01-09,2024-02-09,,3.139855644977691,False,2024-01-31,,3.139855644977691,False
2024-01-10,2024-02-09,,3.139855644977691,False,2024-01-31,,3.139855644977691,False
2024-01-11,2024-02-09,,3.1550510252986963,False,2024-01-31,,3.1550510252986963,False
2024-01-12,2024-02-09,,3.170246405619702,False,2024-01-31,,3.170246405619702,False
2024-01-13,2024-02-09,,3.185441785940707,False,2024-01-31,,3.185441785940707,False
2024-01-14,2024-02-09,,3.200637166261713,False,2024-01-31,,3.200637166261713,False
2024-01-15,2024-02-09,,3.215832546582718,False,2024-01-31,,3.215832546582718,False
2024-01-16,2024-02-09,,3.231027926903724,False,2024-01-31,,3.231027926903724,False
2024-01-17,2024-02-09,,3.2462233072247293,False,2024-01-31,,3.2462233072247293,False
2024-01-18,2024-02-09,,3.261418687545735,False,2024-01-31,,3.261418687545735,False
2024-01-19,2024-02-09,,3.27661406786674,False,2024-01-31,,3.27661406786674,False
2024-01-20,2024-02-09,,3.291809448187746,False,2024-01-31,,3.291809448187746,False
2024-01-21,2024-02-09,,3.307004828508751,False,2024-01-31,,3.307004828508751,False
2024-01-22,2024-02-09,,3.322200208829757,False,2024-01-31,,3.322200208829757,False
2024-01-23,2024-02-09,,3.322200208829757,False,2024-01-31,,3.322200208829757,False
2024-01-24,2024-02-09,,3.322200208829757,False,2024-01-31,,3.322200208829757,False
2024-01-25,2024-02-09,,3.322200208829757,False,2024-01-31,,3.322200208829757,False
2024-01-26,2024-02-09,,3.322200208829757,False,2024-01-31,,3.322200208829757,False
2024-01-27,2024-02-09,,3.322200208829757,False,2024-01-31,,3.322200208829757,False
2024-01-28,2024-02-09,,3.322200208829757,False,2024-01-31,,3.322200208829757,False
2024-01-29,2024-02-09,,3.322200208829757,False,2024-01-31,,3.322200208829757,False
2024-01-30,2024-02-09,,3.322200208829757,False,2024-01-31,,3.322200208829757,False
2024-01-31,2024-02-09,,3.322200208829757,False,2024-01-31,,3.322200208829757,False
2024-02-01,2024-02-09,,3.322200208829757,False,2024-01-31,,3.322200208829757,False
2024-02-02,2024-02-09,,3.322200208829757,False,2024-01-31,,3.322200208829757,False
2024-02-03,2024-02-09,,3.322200208829757,False,2024-01-31,,3.322200208829757,False
2024-02-04,2024-02-09,,3.322200208829757,False,2024-01-31,,3.322200208829757,False
2024-02-05,2024-02-09,,3.322200208829757,False,2024-01-31,,3.322200208829757,False
2024-02-06,2024-02-09,,3.322200208829757,False,2024-01-31,,3.322200208829757,False
2024-02-07,2024-02-09,,3.322200208829757,False,2024-01-31,,3.322200208829757,False
2024-02-08,2024-02-09,,3.322200208829757,False,2024-01-31,,3.322200208829757,False
2024-02-09,2024-02-09,3.1079425939238905,3.304345407587601,True,2024-01-31,,3.304345407587601,False
2024-02-01,2024-03-12,,3.322200208829757,False,2024-02-29,,3.322200208829757,False
2024-02-02,2024-03-12,,3.322200208829757,False,2024-02-29,,3.322200208829757,False
2024-02-03,2024-03-12,,3.322200208829757,False,2024-02-29,,3.322200208829757,False
2024-02-04,2024-03-12,,3.322200208829757,False,2024-02-29,,3.322200208829757,False
2024-02-05,2024-03-12,,3.322200208829757,False,2024-02-29,,3.322200208829757,False
2024-02-06,2024-03-12,,3.322200208829757,False,2024-02-29,,3.322200208829757,False
2024-02-07,2024-03-12,,3.322200208829757,False,2024-02-29,,3.322200208829757,False
2024-02-08,2024-03-12,,3.322200208829757,False,2024-02-29,,3.322200208829757,False
2024-02-09,2024-03-12,,3.304345407587601,False,2024-02-29,,3.304345407587601,False
2024-02-10,2024-03-12,,3.2864906063454455,False,2024-02-29,,3.2864906063454455,False
2024-02-11,2024-03-12,,3.26863580510329,False,2024-02-29,,3.26863580510329,False
2024-02-12,2024-03-12,,3.250781003861134,False,2024-02-29,,3.250781003861134,False
2024-02-13,2024-03-12,,3.232926202618979,False,2024-02-29,,3.232926202618979,False
2024-02-14,2024-03-12,,3.2150714013768233,False,2024-02-29,,3.2150714013768233,False
2024-02-15,2024-03-12,,3.197216600134668,False,2024-02-29,,3.197216600134668,False
2024-02-16,2024-03-12,,3.1793617988925127,False,2024-02-29,,3.1793617988925127,False
2024-02-17,2024-03-12,,3.1615069976503567,False,2024-02-29,,3.1615069976503567,False
2024-02-18,2024-03-12,,3.143652196408201,False,2024-02-29,,3.143652196408201,False
2024-02-19,2024-03-12,,3.1257973951660456,False,2024-02-29,,3.1257973951660456,False
2024-02-20,2024-03-12,,3.1079425939238905,False,2024-02-29,,3.1079425939238905,False
2024-02-21,2024-03-12,,3.1079425939238905,False,2024-02-29,,3.1079425939238905,False
2024-02-22,2024-03-12,,3.1079425939238905,False,2024-02-29,,3.1079425939238905,False
2024-02-23,2024-03-12,,3.1079425939238905,False,2024-02-29,,3.1079425939238905,False
2024-02-24,2024-03-12,,3.1079425939238905,False,2024-02-29,,3.1079425939238905,False
2024-02-25,2024-03-12,,3.1079425939238905,False,2024-02-29,,3.1079425939238905,False
2024-02-26,2024-03-12,,3.1079425939238905,False,2024-02-29,,3.1079425939238905,False
2024-02-27,2024-03-12,,3.1079425939238905,False,2024-02-29,,3.1079425939238905,False
2024-02-28,2024-03-12,,3.1079425939238905,False,2024-02-29,,3.1079425939238905,False
2024-02-29,2024-03-12,,3.1079425939238905,False,2024-02-29,,3.1079425939238905,False
2024-03-01,2024-03-12,,3.1079425939238905,False,2024-02-29,,3.1079425939238905,False
2024-03-02,2024-03-12,,3.1079425939238905,False,2024-02-29,,3.1079425939238905,False
2024-03-03,2024-03-12,,3.1079425939238905,False,2024-02-29,,3.1079425939238905,False
2024-03-04,2024-03-12,,3.1079425939238905,False,2024-02-29,,3.1079425939238905,False
2024-03-05,2024-03-12,,3.1079425939238905,False,2024-02-29,,3.1079425939238905,False
2024-03-06,2024-03-12,,3.1079425939238905,False,2024-02-29,,3.1079425939238905,False
2024-03-07,2024-03-12,,3.1079425939238905,False,2024-02-29,,3.1079425939238905,False
2024-03-08,2024-03-12,,3.1079425939238905,False,2024-02-29,,3.1079425939238905,False
2024-03-09,2024-03-12,,3.1079425939238905,False,2024-02-29,,3.1079425939238905,False
2024-03-10,2024-03-12,,3.1079425939238905,False,2024-02-29,,3.1079425939238905,False
2024-03-11,2024-03-12,,3.1079425939238905,False,2024-02-29,,3.1079425939238905,False
2024-03-12,2024-03-12,3.1664212076583187,3.112815811735093,True,2024-02-29,,3.112815811735093,False
2024-03-01,2024-04-10,,3.1079425939238905,False,2024-03-31,,3.1079425939238905,False
2024-03-02,2024-04-10,,3.1079425939238905,False,2024-03-31,,3.1079425939238905,False
2024-03-03,2024-04-10,,3.1079425939238905,False,2024-03-31,,3.1079425939238905,False
2024-03-04,2024-04-10,,3.1079425939238905,False,2024-03-31,,3.1079425939238905,False
2024-03-05,2024-04-10,,3.1079425939238905,False,2024-03-31,,3.1079425939238905,False
2024-03-06,2024-04-10,,3.1079425939238905,False,2024-03-31,,3.1079425939238905,False
2024-03-07,2024-04-10,,3.1079425939238905,False,2024-03-31,,3.1079425939238905,False
2024-03-08,2024-04-10,,3.1079425939238905,False,2024-03-31,,3.1079425939238905,False
2024-03-09,2024-04-10,,3.1079425939238905,False,2024-03-31,,3.1079425939238905,False
2024-03-10,2024-04-10,,3.1079425939238905,False,2024-03-31,,3.1079425939238905,False
2024-03-11,2024-04-10,,3.1079425939238905,False,2024-03-31,,3.1079425939238905,False
2024-03-12,2024-04-10,,3.112815811735093,False,2024-03-31,,3.112815811735093,False
2024-03-13,2024-04-10,,3.117689029546295,False,2024-03-31,,3.117689029546295,False
2024-03-14,2024-04-10,,3.122562247357497,False,2024-03-31,,3.122562247357497,False
2024-03-15,2024-04-10,,3.1274354651686997,False,2024-03-31,,3.1274354651686997,False
2024-03-16,2024-04-10,,3.1323086829799016,False,2024-03-31,,3.1323086829799016,False
2024-03-17,2024-04-10,,3.137181900791104,False,2024-03-31,,3.137181900791104,False
2024-03-18,2024-04-10,,3.1420551186023062,False,2024-03-31,,3.1420551186023062,False
2024-03-19,2024-04-10,,3.146928336413509,False,2024-03-31,,3.146928336413509,False
2024-03-20,2024-04-10,,3.1518015542247113,False,2024-03-31,,3.1518015542247113,False
2024-03-21,2024-04-10,,3.1566747720359136,False,2024-03-31,,3.1566747720359136,False
2024-03-22,2024-04-10,,3.1615479898471155,False,2024-03-31,,3.1615479898471155,False
2024-03-23,2024-04-10,,3.1664212076583182,False,2024-03-31,,3.1664212076583182,False
2024-03-24,2024-04-10,,3.1664212076583182,False,2024-03-31,,3.1664212076583182,False
2024-03-25,2024-04-10,,3.1664212076583182,False,2024-03-31,,3.1664212076583182,False
2024-03-26,2024-04-10,,3.1664212076583182,False,2024-03-31,,3.1664212076583182,False
2024-03-27,2024-04-10,,3.1664212076583182,False,2024-03-31,,3.1664212076583182,False
2024-03-28,2024-04-10,,3.1664212076583182,False,2024-03-31,,3.1664212076583182,False
2024-03-29,2024-04-10,,3.1664212076583182,False,2024-03-31,,3.1664212076583182,False
2024-03-30,2024-04-10,,3.1664212076583182,False,2024-03-31,,3.1664212076583182,False
2024-03-31,2024-04-10,,3.1664212076583182,False,2024-03-31,,3.1664212076583182,False
2024-04-01,2024-04-10,,3.1664212076583182,False,2024-03-31,,3.1664212076583182,False
2024-04-02,2024-04-10,,3.1664212076583182,False,2024-03-31,,3.1664212076583182,False
2024-04-03,2024-04-10,,3.1664212076583182,False,2024-03-31,,3.1664212076583182,False
2024-04-04,2024-04-10,,3.1664212076583182,False,2024-03-31,,3.1664212076583182,False
2024-04-05,2024-04-10,,3.1664212076583182,False,2024-03-31,,3.1664212076583182,False
2024-04-06,2024-04-10,,3.1664212076583182,False,2024-03-31,,3.1664212076583182,False
2024-04-07,2024-04-10,,3.1664212076583182,False,2024-03-31,,3.1664212076583182,False
2024-04-08,2024-04-10,,3.1664212076583182,False,2024-03-31,,3.1664212076583182,False
2024-04-09,2024-04-10,,3.1664212076583182,False,2024-03-31,,3.1664212076583182,False
2024-04-10,2024-04-10,3.4690014354717515,3.191636226642771,True,2024-03-31,,3.191636226642771,False
2024-04-05,2024-05-15,,3.1664212076583182,False,2024-04-30,,3.1664212076583182,False
2024-04-06,2024-05-15,,3.1664212076583182,False,2024-04-30,,3.1664212076583182,False
2024-04-07,2024-05-15,,3.1664212076583182,False,2024-04-30,,3.1664212076583182,False
2024-04-08,2024-05-15,,3.1664212076583182,False,2024-04-30,,3.1664212076583182,False
2024-04-09,2024-05-15,,3.1664212076583182,False,2024-04-30,,3.1664212076583182,False
2024-04-10,2024-05-15,,3.191636226642771,False,2024-04-30,,3.191636226642771,False
2024-04-11,2024-05-15,,3.216851245627224,False,2024-04-30,,3.216851245627224,False
2024-04-12,2024-05-15,,3.2420662646116774,False,2024-04-30,,3.2420662646116774,False
2024-04-13,2024-05-15,,3.2672812835961302,False,2024-04-30,,3.2672812835961302,False
2024-04-14,2024-05-15,,3.2924963025805827,False,2024-04-30,,3.2924963025805827,False
2024-04-15,2024-05-15,,3.3177113215650356,False,2024-04-30,,3.3177113215650356,False
2024-04-16,2024-05-15,,3.342926340549488,False,2024-04-30,,3.342926340549488,False
2024-04-17,2024-05-15,,3.3681413595339413,False,2024-04-30,,3.3681413595339413,False
2024-04-18,2024-05-15,,3.393356378518394,False,2024-04-30,,3.393356378518394,False
2024-04-19,2024-05-15,,3.4185713975028467,False,2024-04-30,,3.4185713975028467,False
2024-04-20,2024-05-15,,3.443786416487299,False,2024-04-30,,3.443786416487299,False
2024-04-21,2024-05-15,,3.469001435471752,False,2024-04-30,,3.469001435471752,False
2024-04-22,2024-05-15,,3.469001435471752,False,2024-04-30,,3.469001435471752,False
2024-04-23,2024-05-15,,3.469001435471752,False,2024-04-30,,3.469001435471752,False
2024-04-24,2024-05-15,,3.469001435471752,False,2024-04-30,,3.469001435471752,False
2024-04-25,2024-05-15,,3.469001435471752,False,2024-04-30,,3.469001435471752,False
2024-04-26,2024-05-15,,3.469001435471752,False,2024-04-30,,3.469001435471752,False
2024-04-27,2024-05-15,,3.469001435471752,False,2024-04-30,,3.469001435471752,False
2024-04-28,2024-05-15,,3.469001435471752,False,2024-04-30,,3.469001435471752,False
2024-04-29,2024-05-15,,3.469001435471752,False,2024-04-30,,3.469001435471752,False
2024-04-30,2024-05-15,,3.469001435471752,False,2024-04-30,,3.469001435471752,False
2024-05-01,2024-05-15,,3.469001435471752,False,2024-04-30,,3.469001435471752,False
2024-05-02,2024-05-15,,3.469001435471752,False,2024-04-30,,3.469001435471752,False
2024-05-03,2024-05-15,,3.469001435471752,False,2024-04-30,,3.469001435471752,False
2024-05-04,2024-05-15,,3.469001435471752,False,2024-04-30,,3.469001435471752,False
2024-05-05,2024-05-15,,3.469001435471752,False,2024-04-30,,3.469001435471752,False
2024-05-06,2024-05-15,,3.469001435471752,False,2024-04-30,,3.469001435471752,False
2024-05-07,2024-05-15,,3.469001435471752,False,2024-04-30,,3.469001435471752,False
2024-05-08,2024-05-15,,3.469001435471752,False,2024-04-30,,3.469001435471752,False
2024-05-09,2024-05-15,,3.469001435471752,False,2024-04-30,,3.469001435471752,False
2024-05-10,2024-05-15,,3.469001435471752,False,2024-04-30,,3.469001435471752,False
2024-05-11,2024-05-15,,3.469001435471752,False,2024-04-30,,3.469001435471752,False
2024-05-12,2024-05-15,,3.469001435471752,False,2024-04-30,,3.469001435471752,False
2024-05-13,2024-05-15,,3.469001435471752,False,2024-04-30,,3.469001435471752,False
2024-05-14,2024-05-15,,3.469001435471752,False,2024-04-30,,3.469001435471752,False
2024-05-15,2024-05-15,3.3540471111874264,3.4594219084480584,True,2024-04-30,,3.4594219084480584,False
2024-05-03,2024-06-12,,3.469001435471752,False,2024-05-31,,3.469001435471752,False
2024-05-04,2024-06-12,,3.469001435471752,False,2024-05-31,,3.469001435471752,False
2024-05-05,2024-06-12,,3.469001435471752,False,2024-05-31,,3.469001435471752,False
2024-05-06,2024-06-12,,3.469001435471752,False,2024-05-31,,3.469001435471752,False
2024-05-07,2024-06-12,,3.469001435471752,False,2024-05-31,,3.469001435471752,False
2024-05-08,2024-06-12,,3.469001435471752,False,2024-05-31,,3.469001435471752,False
2024-05-09,2024-06-12,,3.469001435471752,False,2024-05-31,,3.469001435471752,False
2024-05-10,2024-06-12,,3.469001435471752,False,2024-05-31,,3.469001435471752,False
2024-05-11,2024-06-12,,3.469001435471752,False,2024-05-31,,3.469001435471752,False
2024-05-12,2024-06-12,,3.469001435471752,False,2024-05-31,,3.469001435471752,False
2024-05-13,2024-06-12,,3.469001435471752,False,2024-05-31,,3.469001435471752,False
2024-05-14,2024-06-12,,3.469001435471752,False,2024-05-31,,3.469001435471752,False
2024-05-15,2024-06-12,,3.4594219084480584,False,2024-05-31,,3.4594219084480584,False
2024-05-16,2024-06-12,,3.4498423814243644,False,2024-05-31,,3.4498423814243644,False
2024-05-17,2024-06-12,,3.4402628544006704,False,2024-05-31,,3.4402628544006704,False
2024-05-18,2024-06-12,,3.430683327376977,False,2024-05-31,,3.430683327376977,False
2024-05-19,2024-06-12,,3.4211038003532828,False,2024-05-31,,3.4211038003532828,False
2024-05-20,2024-06-12,,3.4115242733295887,False,2024-05-31,,3.4115242733295887,False
2024-05-21,2024-06-12,,3.401944746305895,False,2024-05-31,,3.401944746305895,False
2024-05-22,2024-06-12,,3.3923652192822016,False,2024-05-31,,3.3923652192822016,False
2024-05-23,2024-06-12,,3.382785692258508,False,2024-05-31,,3.382785692258508,False
2024-05-24,2024-06-12,,3.373206165234814,False,2024-05-31,,3.373206165234814,False
2024-05-25,2024-06-12,,3.36362663821112,False,2024-05-31,,3.36362663821112,False
2024-05-26,2024-06-12,,3.3540471111874264,False,2024-05-31,,3.3540471111874264,False
2024-05-27,2024-06-12,,3.3540471111874264,False,2024-05-31,,3.3540471111874264,False
2024-05-28,2024-06-12,,3.3540471111874264,False,2024-05-31,,3.3540471111874264,False
2024-05-29,2024-06-12,,3.3540471111874264,False,2024-05-31,,3.3540471111874264,False
2024-05-30,2024-06-12,,3.3540471111874264,False,2024-05-31,,3.3540471111874264,False
2024-05-31,2024-06-12,,3.3540471111874264,False,2024-05-31,,3.3540471111874264,False
2024-06-01,2024-06-12,,3.3540471111874264,False,2024-05-31,,3.3540471111874264,False
2024-06-02,2024-06-12,,3.3540471111874264,False,2024-05-31,,3.3540471111874264,False
2024-06-03,2024-06-12,,3.3540471111874264,False,2024-05-31,,3.3540471111874264,False
2024-06-04,2024-06-12,,3.3540471111874264,False,2024-05-31,,3.3540471111874264,False
2024-06-05,2024-06-12,,3.3540471111874264,False,2024-05-31,,3.3540471111874264,False
2024-06-06,2024-06-12,,3.3540471111874264,False,2024-05-31,,3.3540471111874264,False
2024-06-07,2024-06-12,,3.3540471111874264,False,2024-05-31,,3.3540471111874264,False
2024-06-08,2024-06-12,,3.3540471111874264,False,2024-05-31,,3.3540471111874264,False
2024-06-09,2024-06-12,,3.3540471111874264,False,2024-05-31,,3.3540471111874264,False
2024-06-10,2024-06-12,,3.3540471111874264,False,2024-05-31,,3.3540471111874264,False
2024-06-11,2024-06-12,,3.3540471111874264,False,2024-05-31,,3.3540471111874264,False
2024-06-12,2024-06-12,3.238866396761138,3.344448718318569,True,2024-05-31,,3.344448718318569,False
2024-06-01,2024-07-11,,3.3540471111874264,False,2024-06-30,,3.3540471111874264,False
2024-06-02,2024-07-11,,3.3540471111874264,False,2024-06-30,,3.3540471111874264,False
2024-06-03,2024-07-11,,3.3540471111874264,False,2024-06-30,,3.3540471111874264,False
2024-06-04,2024-07-11,,3.3540471111874264,False,2024-06-30,,3.3540471111874264,False
2024-06-05,2024-07-11,,3.3540471111874264,False,2024-06-30,,3.3540471111874264,False
2024-06-06,2024-07-11,,3.3540471111874264,False,2024-06-30,,3.3540471111874264,False
2024-06-07,2024-07-11,,3.3540471111874264,False,2024-06-30,,3.3540471111874264,False
2024-06-08,2024-07-11,,3.3540471111874264,False,2024-06-30,,3.3540471111874264,False
2024-06-09,2024-07-11,,3.3540471111874264,False,2024-06-30,,3.3540471111874264,False
2024-06-10,2024-07-11,,3.3540471111874264,False,2024-06-30,,3.3540471111874264,False
2024-06-11,2024-07-11,,3.3540471111874264,False,2024-06-30,,3.3540471111874264,False
2024-06-12,2024-07-11,,3.344448718318569,False,2024-06-30,,3.344448718318569,False
2024-06-13,2024-07-11,,3.3348503254497115,False,2024-06-30,,3.3348503254497115,False
2024-06-14,2024-07-11,,3.3252519325808545,False,2024-06-30,,3.3252519325808545,False
2024-06-15,2024-07-11,,3.315653539711997,False,2024-06-30,,3.315653539711997,False
2024-06-16,2024-07-11,,3.3060551468431396,False,2024-06-30,,3.3060551468431396,False
2024-06-17,2024-07-11,,3.2964567539742826,False,2024-06-30,,3.2964567539742826,False
2024-06-18,2024-07-11,,3.286858361105425,False,2024-06-30,,3.286858361105425,False
2024-06-19,2024-07-11,,3.2772599682365677,False,2024-06-30,,3.2772599682365677,False
2024-06-20,2024-07-11,,3.2676615753677107,False,2024-06-30,,3.2676615753677107,False
2024-06-21,2024-07-11,,3.2580631824988533,False,2024-06-30,,3.2580631824988533,False
2024-06-22,2024-07-11,,3.248464789629996,False,2024-06-30,,3.248464789629996,False
2024-06-23,2024-07-11,,3.238866396761138,False,2024-06-30,,3.238866396761138,False
2024-06-24,2024-07-11,,3.238866396761138,False,2024-06-30,,3.238866396761138,False
2024-06-25,2024-07-11,,3.238866396761138,False,2024-06-30,,3.238866396761138,False
2024-06-26,2024-07-11,,3.238866396761138,False,2024-06-30,,3.238866396761138,False
2024-06-27,2024-07-11,,3.238866396761138,False,2024-06-30,,3.238866396761138,False
2024-06-28,2024-07-11,,3.238866396761138,False,2024-06-30,,3.238866396761138,False
2024-06-29,2024-07-11,,3.238866396761138,False,2024-06-30,,3.238866396761138,False
2024-06-30,2024-07-11,,3.238866396761138,False,2024-06-30,,3.238866396761138,False
2024-07-01,2024-07-11,,3.238866396761138,False,2024-06-30,,3.238866396761138,False
2024-07-02,2024-07-11,,3.238866396761138,False,2024-06-30,,3.238866396761138,False
2024-07-03,2024-07-11,,3.238866396761138,False,2024-06-30,,3.238866396761138,False
2024-07-04,2024-07-11,,3.238866396761138,False,2024-06-30,,3.238866396761138,False
2024-07-05,2024-07-11,,3.238866396761138,False,2024-06-30,,3.238866396761138,False
2024-07-06,2024-07-11,,3.238866396761138,False,2024-06-30,,3.238866396761138,False
2024-07-07,2024-07-11,,3.238866396761138,False,2024-06-30,,3.238866396761138,False
2024-07-08,2024-07-11,,3.238866396761138,False,2024-06-30,,3.238866396761138,False
2024-07-09,2024-07-11,,3.238866396761138,False,2024-06-30,,3.238866396761138,False
2024-07-10,2024-07-11,,3.238866396761138,False,2024-06-30,,3.238866396761138,False
2024-07-11,2024-07-11,2.9700853998204475,3.216467980349414,True,2024-06-30,,3.216467980349414,False
2024-07-05,2024-08-14,,3.238866396761138,False,2024-07-31,,3.238866396761138,False
2024-07-06,2024-08-14,,3.238866396761138,False,2024-07-31,,3.238866396761138,False
2024-07-07,2024-08-14,,3.238866396761138,False,2024-07-31,,3.238866396761138,False
2024-07-08,2024-08-14,,3.238866396761138,False,2024-07-31,,3.238866396761138,False
2024-07-09,2024-08-14,,3.238866396761138,False,2024-07-31,,3.238866396761138,False
2024-07-10,2024-08-14,,3.238866396761138,False,2024-07-31,,3.238866396761138,False
2024-07-11,2024-08-14,,3.216467980349414,False,2024-07-31,,3.216467980349414,False
2024-07-12,2024-08-14,,3.1940695639376897,False,2024-07-31,,3.1940695639376897,False
2024-07-13,2024-08-14,,3.171671147525965,False,2024-07-31,,3.171671147525965,False
2024-07-14,2024-08-14,,3.149272731114241,False,2024-07-31,,3.149272731114241,False
2024-07-15,2024-08-14,,3.1268743147025173,False,2024-07-31,,3.1268743147025173,False
2024-07-16,2024-08-14,,3.104475898290793,False,2024-07-31,,3.104475898290793,False
2024-07-17,2024-08-14,,3.0820774818790686,False,2024-07-31,,3.0820774818790686,False
2024-07-18,2024-08-14,,3.0596790654673445,False,2024-07-31,,3.0596790654673445,False
2024-07-19,2024-08-14,,3.0372806490556203,False,2024-07-31,,3.0372806490556203,False
2024-07-20,2024-08-14,,3.0148822326438958,False,2024-07-31,,3.0148822326438958,False
2024-07-21,2024-08-14,,2.9924838162321716,False,2024-07-31,,2.9924838162321716,False
2024-07-22,2024-08-14,,2.9700853998204475,False,2024-07-31,,2.9700853998204475,False
2024-07-23,2024-08-14,,2.9700853998204475,False,2024-07-31,,2.9700853998204475,False
2024-07-24,2024-08-14,,2.9700853998204475,False,2024-07-31,,2.9700853998204475,False
2024-07-25,2024-08-14,,2.9700853998204475,False,2024-07-31,,2.9700853998204475,False
2024-07-26,2024-08-14,,2.9700853998204475,False,2024-07-31,,2.9700853998204475,False
2024-07-27,2024-08-14,,2.9700853998204475,False,2024-07-31,,2.9700853998204475,False
2024-07-28,2024-08-14,,2.9700853998204475,False,2024-07-31,,2.9700853998204475,False
2024-07-29,2024-08-14,,2.9700853998204475,False,2024-07-31,,2.9700853998204475,False
2024-07-30,2024-08-14,,2.9700853998204475,False,2024-07-31,,2.9700853998204475,False
2024-07-31,2024-08-14,,2.9700853998204475,False,2024-07-31,,2.9700853998204475,False
2024-08-01,2024-08-14,,2.9700853998204475,False,2024-07-31,,2.9700853998204475,False
2024-08-02,2024-08-14,,2.9700853998204475,False,2024-07-31,,2.9700853998204475,False
2024-08-03,2024-08-14,,2.9700853998204475,False,2024-07-31,,2.9700853998204475,False
2024-08-04,2024-08-14,,2.9700853998204475,False,2024-07-31,,2.9700853998204475,False
2024-08-05,2024-08-14,,2.9700853998204475,False,2024-07-31,,2.9700853998204475,False
2024-08-06,2024-08-14,,2.9700853998204475,False,2024-07-31,,2.9700853998204475,False
2024-08-07,2024-08-14,,2.9700853998204475,False,2024-07-31,,2.9700853998204475,False
2024-08-08,2024-08-14,,2.9700853998204475,False,2024-07-31,,2.9700853998204475,False
2024-08-09,2024-08-14,,2.9700853998204475,False,2024-07-31,,2.9700853998204475,False
2024-08-10,2024-08-14,,2.9700853998204475,False,2024-07-31,,2.9700853998204475,False
2024-08-11,2024-08-14,,2.9700853998204475,False,2024-07-31,,2.9700853998204475,False
2024-08-12,2024-08-14,,2.9700853998204475,False,2024-07-31,,2.9700853998204475,False
2024-08-13,2024-08-14,,2.9700853998204475,False,2024-07-31,,2.9700853998204475,False
2024-08-14,2024-08-14,2.9384633061405263,2.9674502253471204,True,2024-07-31,,2.9674502253471204,False
2024-08-02,2024-09-11,,2.9700853998204475,False,2024-08-31,,2.9700853998204475,False
2024-08-03,2024-09-11,,2.9700853998204475,False,2024-08-31,,2.9700853998204475,False
2024-08-04,2024-09-11,,2.9700853998204475,False,2024-08-31,,2.9700853998204475,False
2024-08-05,2024-09-11,,2.9700853998204475,False,2024-08-31,,2.9700853998204475,False
2024-08-06,2024-09-11,,2.9700853998204475,False,2024-08-31,,2.9700853998204475,False
2024-08-07,2024-09-11,,2.9700853998204475,False,2024-08-31,,2.9700853998204475,False
2024-08-08,2024-09-11,,2.9700853998204475,False,2024-08-31,,2.9700853998204475,False
2024-08-09,2024-09-11,,2.9700853998204475,False,2024-08-31,,2.9700853998204475,False
2024-08-10,2024-09-11,,2.9700853998204475,False,2024-08-31,,2.9700853998204475,False
2024-08-11,2024-09-11,,2.9700853998204475,False,2024-08-31,,2.9700853998204475,False
2024-08-12,2024-09-11,,2.9700853998204475,False,2024-08-31,,2.9700853998204475,False
2024-08-13,2024-09-11,,2.9700853998204475,False,2024-08-31,,2.9700853998204475,False
2024-08-14,2024-09-11,,2.9674502253471204,False,2024-08-31,,2.9674502253471204,False
2024-08-15,2024-09-11,,2.964815050873794,False,2024-08-31,,2.964815050873794,False
2024-08-16,2024-09-11,,2.962179876400467,False,2024-08-31,,2.962179876400467,False
2024-08-17,2024-09-11,,2.95954470192714,False,2024-08-31,,2.95954470192714,False
2024-08-18,2024-09-11,,2.9569095274538135,False,2024-08-31,,2.9569095274538135,False
2024-08-19,2024-09-11,,2.954274352980487,False,2024-08-31,,2.954274352980487,False
2024-08-20,2024-09-11,,2.95163917850716,False,2024-08-31,,2.95163917850716,False
2024-08-21,2024-09-11,,2.9490040040338332,False,2024-08-31,,2.9490040040338332,False
2024-08-22,2024-09-11,,2.9463688295605066,False,2024-08-31,,2.9463688295605066,False
2024-08-23,2024-09-11,,2.9437336550871795,False,2024-08-31,,2.9437336550871795,False
2024-08-24,2024-09-11,,2.941098480613853,False,2024-08-31,,2.941098480613853,False
2024-08-25,2024-09-11,,2.9384633061405263,False,2024-08-31,,2.9384633061405263,False
2024-08-26,2024-09-11,,2.9384633061405263,False,2024-08-31,,2.9384633061405263,False
2024-08-27,2024-09-11,,2.9384633061405263,False,2024-08-31,,2.9384633061405263,False
2024-08-28,2024-09-11,,2.9384633061405263,False,2024-08-31,,2.9384633061405263,False
2024-08-29,2024-09-11,,2.9384633061405263,False,2024-08-31,,2.9384633061405263,False
2024-08-30,2024-09-11,,2.9384633061405263,False,2024-08-31,,2.9384633061405263,False
2024-08-31,2024-09-11,,2.9384633061405263,False,2024-08-31,,2.9384633061405263,False
2024-09-01,2024-09-11,,2.9384633061405263,False,2024-08-31,,2.9384633061405263,False
2024-09-02,2024-09-11,,2.9384633061405263,False,2024-08-31,,2.9384633061405263,False
2024-09-03,2024-09-11,,2.9384633061405263,False,2024-08-31,,2.9384633061405263,False
2024-09-04,2024-09-11,,2.9384633061405263,False,2024-08-31,,2.9384633061405263,False
2024-09-05,2024-09-11,,2.9384633061405263,False,2024-08-31,,2.9384633061405263,False
2024-09-06,2024-09-11,,2.9384633061405263,False,2024-08-31,,2.9384633061405263,False
2024-09-07,2024-09-11,,2.9384633061405263,False,2024-08-31,,2.9384633061405263,False
2024-09-08,2024-09-11,,2.9384633061405263,False,2024-08-31,,2.9384633061405263,False
2024-09-09,2024-09-11,,2.9384633061405263,False,2024-08-31,,2.9384633061405263,False
2024-09-10,2024-09-11,,2.9384633061405263,False,2024-08-31,,2.9384633061405263,False
2024-09-11,2024-09-11,2.610914032233828,2.911167533314968,True,2024-08-31,,2.911167533314968,False
2024-08-31,2024-10-10,,2.9384633061405263,False,2024-09-30,,2.9384633061405263,False
2024-09-01,2024-10-10,,2.9384633061405263,False,2024-09-30,,2.9384633061405263,False
2024-09-02,2024-10-10,,2.9384633061405263,False,2024-09-30,,2.9384633061405263,False
2024-09-03,2024-10-10,,2.9384633061405263,False,2024-09-30,,2.9384633061405263,False
2024-09-04,2024-10-10,,2.9384633061405263,False,2024-09-30,,2.9384633061405263,False
2024-09-05,2024-10-10,,2.9384633061405263,False,2024-09-30,,2.9384633061405263,False
2024-09-06,2024-10-10,,2.9384633061405263,False,2024-09-30,,2.9384633061405263,False
2024-09-07,2024-10-10,,2.9384633061405263,False,2024-09-30,,2.9384633061405263,False
2024-09-08,2024-10-10,,2.9384633061405263,False,2024-09-30,,2.9384633061405263,False
2024-09-09,2024-10-10,,2.9384633061405263,False,2024-09-30,,2.9384633061405263,False
2024-09-10,2024-10-10,,2.9384633061405263,False,2024-09-30,,2.9384633061405263,False
2024-09-11,2024-10-10,,2.911167533314968,False,2024-09-30,,2.911167533314968,False
2024-09-12,2024-10-10,,2.8838717604894097,False,2024-09-30,,2.8838717604894097,False
2024-09-13,2024-10-10,,2.856575987663852,False,2024-09-30,,2.856575987663852,False
2024-09-14,2024-10-10,,2.8292802148382936,False,2024-09-30,,2.8292802148382936,False
2024-09-15,2024-10-10,,2.8019844420127353,False,2024-09-30,,2.8019844420127353,False
2024-09-16,2024-10-10,,2.7746886691871775,False,2024-09-30,,2.7746886691871775,False
2024-09-17,2024-10-10,,2.747392896361619,False,2024-09-30,,2.747392896361619,False
2024-09-18,2024-10-10,,2.720097123536061,False,2024-09-30,,2.720097123536061,False
2024-09-19,2024-10-10,,2.692801350710503,False,2024-09-30,,2.692801350710503,False
2024-09-20,2024-10-10,,2.665505577884945,False,2024-09-30,,2.665505577884945,False
2024-09-21,2024-10-10,,2.6382098050593865,False,2024-09-30,,2.6382098050593865,False
2024-09-22,2024-10-10,,2.6109140322338282,False,2024-09-30,,2.6109140322338282,False
2024-09-23,2024-10-10,,2.6109140322338282,False,2024-09-30,,2.6109140322338282,False
2024-09-24,2024-10-10,,2.6109140322338282,False,2024-09-30,,2.6109140322338282,False
2024-09-25,2024-10-10,,2.6109140322338282,False,2024-09-30,,2.6109140322338282,False
2024-09-26,2024-10-10,,2.6109140322338282,False,2024-09-30,,2.6109140322338282,False
2024-09-27,2024-10-10,,2.6109140322338282,False,2024-09-30,,2.6109140322338282,False
2024-09-28,2024-10-10,,2.6109140322338282,False,2024-09-30,,2.6109140322338282,False
2024-09-29,2024-10-10,,2.6109140322338282,False,2024-09-30,,2.6109140322338282,False
2024-09-30,2024-10-10,,2.6109140322338282,False,2024-09-30,,2.6109140322338282,False
2024-10-01,2024-10-10,,2.6109140322338282,False,2024-09-30,,2.6109140322338282,False
2024-10-02,2024-10-10,,2.6109140322338282,False,2024-09-30,,2.6109140322338282,False
2024-10-03,2024-10-10,,2.6109140322338282,False,2024-09-30,,2.6109140322338282,False
2024-10-04,2024-10-10,,2.6109140322338282,False,2024-09-30,,2.6109140322338282,False
2024-10-05,2024-10-10,,2.6109140322338282,False,2024-09-30,,2.6109140322338282,False
2024-10-06,2024-10-10,,2.6109140322338282,False,2024-09-30,,2.6109140322338282,False
2024-10-07,2024-10-10,,2.6109140322338282,False,2024-09-30,,2.6109140322338282,False
2024-10-08,2024-10-10,,2.6109140322338282,False,2024-09-30,,2.6109140322338282,False
2024-10-09,2024-10-10,,2.6109140322338282,False,2024-09-30,,2.6109140322338282,False
2024-10-10,2024-10-10,2.432541464144649,2.59604965155973,True,2024-09-30,,2.59604965155973,False
2024-10-04,2024-11-13,,2.6109140322338282,False,2024-10-31,,2.6109140322338282,False
2024-10-05,2024-11-13,,2.6109140322338282,False,2024-10-31,,2.6109140322338282,False
2024-10-06,2024-11-13,,2.6109140322338282,False,2024-10-31,,2.6109140322338282,False
2024-10-07,2024-11-13,,2.6109140322338282,False,2024-10-31,,2.6109140322338282,False
2024-10-08,2024-11-13,,2.6109140322338282,False,2024-10-31,,2.6109140322338282,False
2024-10-09,2024-11-13,,2.6109140322338282,False,2024-10-31,,2.6109140322338282,False
2024-10-10,2024-11-13,,2.59604965155973,False,2024-10-31,,2.59604965155973,False
2024-10-11,2024-11-13,,2.5811852708856313,False,2024-10-31,,2.5811852708856313,False
2024-10-12,2024-11-13,,2.566320890211533,False,2024-10-31,,2.566320890211533,False
2024-10-13,2024-11-13,,2.551456509537435,False,2024-10-31,,2.551456509537435,False
2024-10-14,2024-11-13,,2.5365921288633366,False,2024-10-31,,2.5365921288633366,False
2024-10-15,2024-11-13,,2.5217277481892384,False,2024-10-31,,2.5217277481892384,False
2024-10-16,2024-11-13,,2.5068633675151397,False,2024-10-31,,2.5068633675151397,False
2024-10-17,2024-11-13,,2.491998986841042,False,2024-10-31,,2.491998986841042,False
2024-10-18,2024-11-13,,2.4771346061669437,False,2024-10-31,,2.4771346061669437,False
2024-10-19,2024-11-13,,2.4622702254928455,False,2024-10-31,,2.4622702254928455,False
2024-10-20,2024-11-13,,2.447405844818747,False,2024-10-31,,2.447405844818747,False
2024-10-21,2024-11-13,,2.432541464144649,False,2024-10-31,,2.432541464144649,False
2024-10-22,2024-11-13,,2.432541464144649,False,2024-10-31,,2.432541464144649,False
2024-10-23,2024-11-13,,2.432541464144649,False,2024-10-31,,2.432541464144649,False
2024-10-24,2024-11-13,,2.432541464144649,False,2024-10-31,,2.432541464144649,False
2024-10-25,2024-11-13,,2.432541464144649,False,2024-10-31,,2.432541464144649,False
2024-10-26,2024-11-13,,2.432541464144649,False,2024-10-31,,2.432541464144649,False
2024-10-27,2024-11-13,,2.432541464144649,False,2024-10-31,,2.432541464144649,False
2024-10-28,2024-11-13,,2.432541464144649,False,2024-10-31,,2.432541464144649,False
2024-10-29,2024-11-13,,2.432541464144649,False,2024-10-31,,2.432541464144649,False
2024-10-30,2024-11-13,,2.432541464144649,False,2024-10-31,,2.432541464144649,False
2024-10-31,2024-11-13,,2.432541464144649,False,2024-10-31,,2.432541464144649,False
2024-11-01,2024-11-13,,2.432541464144649,False,2024-10-31,,2.432541464144649,False
2024-11-02,2024-11-13,,2.432541464144649,False,2024-10-31,,2.432541464144649,False
2024-11-03,2024-11-13,,2.432541464144649,False,2024-10-31,,2.432541464144649,False
2024-11-04,2024-11-13,,2.432541464144649,False,2024-10-31,,2.432541464144649,False
2024-11-05,2024-11-13,,2.432541464144649,False,2024-10-31,,2.432541464144649,False
2024-11-06,2024-11-13,,2.432541464144649,False,2024-10-31,,2.432541464144649,False
2024-11-07,2024-11-13,,2.432541464144649,False,2024-10-31,,2.432541464144649,False
2024-11-08,2024-11-13,,2.432541464144649,False,2024-10-31,,2.432541464144649,False
2024-11-09,2024-11-13,,2.432541464144649,False,2024-10-31,,2.432541464144649,False
2024-11-10,2024-11-13,,2.432541464144649,False,2024-10-31,,2.432541464144649,False
2024-11-11,2024-11-13,,2.432541464144649,False,2024-10-31,,2.432541464144649,False
2024-11-12,2024-11-13,,2.432541464144649,False,2024-10-31,,2.432541464144649,False
2024-11-13,2024-11-13,2.5714034967967163,2.4441133001989876,True,2024-10-31,,2.4441133001989876,False
2024-11-01,2024-12-11,,2.432541464144649,False,2024-11-30,,2.432541464144649,False
2024-11-02,2024-12-11,,2.432541464144649,False,2024-11-30,,2.432541464144649,False
2024-11-03,2024-12-11,,2.432541464144649,False,2024-11-30,,2.432541464144649,False
2024-11-04,2024-12-11,,2.432541464144649,False,2024-11-30,,2.432541464144649,False
2024-11-05,2024-12-11,,2.432541464144649,False,2024-11-30,,2.432541464144649,False
2024-11-06,2024-12-11,,2.432541464144649,False,2024-11-30,,2.432541464144649,False
2024-11-07,2024-12-11,,2.432541464144649,False,2024-11-30,,2.432541464144649,False
2024-11-08,2024-12-11,,2.432541464144649,False,2024-11-30,,2.432541464144649,False
2024-11-09,2024-12-11,,2.432541464144649,False,2024-11-30,,2.432541464144649,False
2024-11-10,2024-12-11,,2.432541464144649,False,2024-11-30,,2.432541464144649,False
2024-11-11,2024-12-11,,2.432541464144649,False,2024-11-30,,2.432541464144649,False
2024-11-12,2024-12-11,,2.432541464144649,False,2024-11-30,,2.432541464144649,False
2024-11-13,2024-12-11,,2.4441133001989876,False,2024-11-30,,2.4441133001989876,False
2024-11-14,2024-12-11,,2.4556851362533267,False,2024-11-30,,2.4556851362533267,False
2024-11-15,2024-12-11,,2.467256972307666,False,2024-11-30,,2.467256972307666,False
2024-11-16,2024-12-11,,2.4788288083620045,False,2024-11-30,,2.4788288083620045,False
2024-11-17,2024-12-11,,2.4904006444163436,False,2024-11-30,,2.4904006444163436,False
2024-11-18,2024-12-11,,2.5019724804706827,False,2024-11-30,,2.5019724804706827,False
2024-11-19,2024-12-11,,2.5135443165250213,False,2024-11-30,,2.5135443165250213,False
2024-11-20,2024-12-11,,2.5251161525793604,False,2024-11-30,,2.5251161525793604,False
2024-11-21,2024-12-11,,2.5366879886336995,False,2024-11-30,,2.5366879886336995,False
2024-11-22,2024-12-11,,2.548259824688038,False,2024-11-30,,2.548259824688038,False
2024-11-23,2024-12-11,,2.5598316607423772,False,2024-11-30,,2.5598316607423772,False
2024-11-24,2024-12-11,,2.5714034967967163,False,2024-11-30,,2.5714034967967163,False
2024-11-25,2024-12-11,,2.5714034967967163,False,2024-11-30,,2.5714034967967163,False
2024-11-26,2024-12-11,,2.5714034967967163,False,2024-11-30,,2.5714034967967163,False
2024-11-27,2024-12-11,,2.5714034967967163,False,2024-11-30,,2.5714034967967163,False
2024-11-28,2024-12-11,,2.5714034967967163,False,2024-11-30,,2.5714034967967163,False
2024-11-29,2024-12-11,,2.5714034967967163,False,2024-11-30,,2.5714034967967163,False
2024-11-30,2024-12-11,,2.5714034967967163,False,2024-11-30,,2.5714034967967163,False
2024-12-01,2024-12-11,,2.5714034967967163,False,2024-11-30,,2.5714034967967163,False
2024-12-02,2024-12-11,,2.5714034967967163,False,2024-11-30,,2.5714034967967163,False
2024-12-03,2024-12-11,,2.5714034967967163,False,2024-11-30,,2.5714034967967163,False
2024-12-04,2024-12-11,,2.5714034967967163,False,2024-11-30,,2.5714034967967163,False
2024-12-05,2024-12-11,,2.5714034967967163,False,2024-11-30,,2.5714034967967163,False
2024-12-06,2024-12-11,,2.5714034967967163,False,2024-11-30,,2.5714034967967163,False
2024-12-07,2024-12-11,,2.5714034967967163,False,2024-11-30,,2.5714034967967163,False
2024-12-08,2024-12-11,,2.5714034967967163,False,2024-11-30,,2.5714034967967163,False
2024-12-09,2024-12-11,,2.5714034967967163,False,2024-11-30,,2.5714034967967163,False
2024-12-10,2024-12-11,,2.5714034967967163,False,2024-11-30,,2.5714034967967163,False
2024-12-11,2024-12-11,2.7141684004842865,2.583300572104014,True,2024-11-30,,2.583300572104014,False
2024-12-06,2025-01-15,,2.5714034967967163,False,2024-12-31,,2.5714034967967163,False
2024-12-07,2025-01-15,,2.5714034967967163,False,2024-12-31,,2.5714034967967163,False
2024-12-08,2025-01-15,,2.5714034967967163,False,2024-12-31,,2.5714034967967163,False
2024-12-09,2025-01-15,,2.5714034967967163,False,2024-12-31,,2.5714034967967163,False
2024-12-10,2025-01-15,,2.5714034967967163,False,2024-12-31,,2.5714034967967163,False
2024-12-11,2025-01-15,,2.583300572104014,False,2024-12-31,,2.583300572104014,False
2024-12-12,2025-01-15,,2.5951976474113114,False,2024-12-31,,2.5951976474113114,False
2024-12-13,2025-01-15,,2.607094722718609,False,2024-12-31,,2.607094722718609,False
2024-12-14,2025-01-15,,2.6189917980259065,False,2024-12-31,,2.6189917980259065,False
2024-12-15,2025-01-15,,2.6308888733332036,False,2024-12-31,,2.6308888733332036,False
2024-12-16,2025-01-15,,2.642785948640501,False,2024-12-31,,2.642785948640501,False
2024-12-17,2025-01-15,,2.6546830239477988,False,2024-12-31,,2.6546830239477988,False
2024-12-18,2025-01-15,,2.6665800992550963,False,2024-12-31,,2.6665800992550963,False
2024-12-19,2025-01-15,,2.678477174562394,False,2024-12-31,,2.678477174562394,False
2024-12-20,2025-01-15,,2.6903742498696914,False,2024-12-31,,2.6903742498696914,False
2024-12-21,2025-01-15,,2.702271325176989,False,2024-12-31,,2.702271325176989,False
2024-12-22,2025-01-15,,2.7141684004842865,False,2024-12-31,,2.7141684004842865,False
2024-12-23,2025-01-15,,2.7141684004842865,False,2024-12-31,,2.7141684004842865,False
2024-12-24,2025-01-15,,2.7141684004842865,False,2024-12-31,,2.7141684004842865,False
2024-12-25,2025-01-15,,2.7141684004842865,False,2024-12-31,,2.7141684004842865,False
2024-12-26,2025-01-15,,2.7141684004842865,False,2024-12-31,,2.7141684004842865,False
2024-12-27,2025-01-15,,2.7141684004842865,False,2024-12-31,,2.7141684004842865,False
2024-12-28,2025-01-15,,2.7141684004842865,False,2024-12-31,,2.7141684004842865,False
2024-12-29,2025-01-15,,2.7141684004842865,False,2024-12-31,,2.7141684004842865,False
2024-12-30,2025-01-15,,2.7141684004842865,False,2024-12-31,,2.7141684004842865,False
2024-12-31,2025-01-15,,2.7141684004842865,False,2024-12-31,,2.7141684004842865,False
2025-01-01,2025-01-15,,2.7141684004842865,False,2024-12-31,,2.7141684004842865,False
2025-01-02,2025-01-15,,2.7141684004842865,False,2024-12-31,,2.7141684004842865,False
2025-01-03,2025-01-15,,2.7141684004842865,False,2024-12-31,,2.7141684004842865,False
2025-01-04,2025-01-15,,2.7141684004842865,False,2024-12-31,,2.7141684004842865,False
2025-01-05,2025-01-15,,2.7141684004842865,False,2024-12-31,,2.7141684004842865,False
2025-01-06,2025-01-15,,2.7141684004842865,False,2024-12-31,,2.7141684004842865,False
2025-01-07,2025-01-15,,2.7141684004842865,False,2024-12-31,,2.7141684004842865,False
2025-01-08,2025-01-15,,2.7141684004842865,False,2024-12-31,,2.7141684004842865,False
2025-01-09,2025-01-15,,2.7141684004842865,False,2024-12-31,,2.7141684004842865,False
2025-01-10,2025-01-15,,2.7141684004842865,False,2024-12-31,,2.7141684004842865,False
2025-01-11,2025-01-15,,2.7141684004842865,False,2024-12-31,,2.7141684004842865,False
2025-01-12,2025-01-15,,2.7141684004842865,False,2024-12-31,,2.7141684004842865,False
2025-01-13,2025-01-15,,2.7141684004842865,False,2024-12-31,,2.7141684004842865,False
2025-01-14,2025-01-15,,2.7141684004842865,False,2024-12-31,,2.7141684004842865,False
2025-01-15,2025-01-15,2.87236626880658,2.7273515561778106,True,2024-12-31,,2.7273515561778106,False
2025-01-03,2025-02-12,,2.7141684004842865,False,2025-01-31,,2.7141684004842865,False
2025-01-04,2025-02-12,,2.7141684004842865,False,2025-01-31,,2.7141684004842865,False
2025-01-05,2025-02-12,,2.7141684004842865,False,2025-01-31,,2.7141684004842865,False
2025-01-06,2025-02-12,,2.7141684004842865,False,2025-01-31,,2.7141684004842865,False
2025-01-07,2025-02-12,,2.7141684004842865,False,2025-01-31,,2.7141684004842865,False
2025-01-08,2025-02-12,,2.7141684004842865,False,2025-01-31,,2.7141684004842865,False
2025-01-09,2025-02-12,,2.7141684004842865,False,2025-01-31,,2.7141684004842865,False
2025-01-10,2025-02-12,,2.7141684004842865,False,2025-01-31,,2.7141684004842865,False
2025-01-11,2025-02-12,,2.7141684004842865,False,2025-01-31,,2.7141684004842865,False
2025-01-12,2025-02-12,,2.7141684004842865,False,2025-01-31,,2.7141684004842865,False
2025-01-13,2025-02-12,,2.7141684004842865,False,2025-01-31,,2.7141684004842865,False
2025-01-14,2025-02-12,,2.7141684004842865,False,2025-01-31,,2.7141684004842865,False
2025-01-15,2025-02-12,,2.7273515561778106,False,2025-01-31,,2.7273515561778106,False
2025-01-16,2025-02-12,,2.7405347118713355,False,2025-01-31,,2.7405347118713355,False
2025-01-17,2025-02-12,,2.7537178675648604,False,2025-01-31,,2.7537178675648604,False
2025-01-18,2025-02-12,,2.7669010232583844,False,2025-01-31,,2.7669010232583844,False
2025-01-19,2025-02-12,,2.7800841789519084,False,2025-01-31,,2.7800841789519084,False
2025-01-20,2025-02-12,,2.7932673346454333,False,2025-01-31,,2.7932673346454333,False
2025-01-21,2025-02-12,,2.806450490338958,False,2025-01-31,,2.806450490338958,False
2025-01-22,2025-02-12,,2.8196336460324822,False,2025-01-31,,2.8196336460324822,False
2025-01-23,2025-02-12,,2.8328168017260063,False,2025-01-31,,2.8328168017260063,False
2025-01-24,2025-02-12,,2.845999957419531,False,2025-01-31,,2.845999957419531,False
2025-01-25,2025-02-12,,2.859183113113056,False,2025-01-31,,2.859183113113056,False
2025-01-26,2025-02-12,,2.87236626880658,False,2025-01-31,,2.87236626880658,False
2025-01-27,2025-02-12,,2.87236626880658,False,2025-01-31,,2.87236626880658,False
2025-01-28,2025-02-12,,2.87236626880658,False,2025-01-31,,2.87236626880658,False
2025-01-29,2025-02-12,,2.87236626880658,False,2025-01-31,,2.87236626880658,False
2025-01-30,2025-02-12,,2.87236626880658,False,2025-01-31,,2.87236626880658,False
2025-01-31,2025-02-12,,2.87236626880658,False,2025-01-31,,2.87236626880658,False
2025-02-01,2025-02-12,,2.87236626880658,False,2025-01-31,,2.87236626880658,False
2025-02-02,2025-02-12,,2.87236626880658,False,2025-01-31,,2.87236626880658,False
2025-02-03,2025-02-12,,2.87236626880658,False,2025-01-31,,2.87236626880658,False
2025-02-04,2025-02-12,,2.87236626880658,False,2025-01-31,,2.87236626880658,False
2025-02-05,2025-02-12,,2.87236626880658,False,2025-01-31,,2.87236626880658,False
2025-02-06,2025-02-12,,2.87236626880658,False,2025-01-31,,2.87236626880658,False
2025-02-07,2025-02-12,,2.87236626880658,False,2025-01-31,,2.87236626880658,False
2025-02-08,2025-02-12,,2.87236626880658,False,2025-01-31,,2.87236626880658,False
2025-02-09,2025-02-12,,2.87236626880658,False,2025-01-31,,2.87236626880658,False
2025-02-10,2025-02-12,,2.87236626880658,False,2025-01-31,,2.87236626880658,False
2025-02-11,2025-02-12,,2.87236626880658,False,2025-01-31,,2.87236626880658,False
2025-02-12,2025-02-12,2.999412512831117,2.8829534558086247,True,2025-01-31,,2.8829534558086247,False
2025-01-31,2025-03-12,,2.87236626880658,False,2025-02-28,,2.87236626880658,False
2025-02-01,2025-03-12,,2.87236626880658,False,2025-02-28,,2.87236626880658,False
2025-02-02,2025-03-12,,2.87236626880658,False,2025-02-28,,2.87236626880658,False
2025-02-03,2025-03-12,,2.87236626880658,False,2025-02-28,,2.87236626880658,False
2025-02-04,2025-03-12,,2.87236626880658,False,2025-02-28,,2.87236626880658,False
2025-02-05,2025-03-12,,2.87236626880658,False,2025-02-28,,2.87236626880658,False
2025-02-06,2025-03-12,,2.87236626880658,False,2025-02-28,,2.87236626880658,False
2025-02-07,2025-03-12,,2.87236626880658,False,2025-02-28,,2.87236626880658,False
2025-02-08,2025-03-12,,2.87236626880658,False,2025-02-28,,2.87236626880658,False
2025-02-09,2025-03-12,,2.87236626880658,False,2025-02-28,,2.87236626880658,False
2025-02-10,2025-03-12,,2.87236626880658,False,2025-02-28,,2.87236626880658,False
2025-02-11,2025-03-12,,2.87236626880658,False,2025-02-28,,2.87236626880658,False
2025-02-12,2025-03-12,,2.8829534558086247,False,2025-02-28,,2.8829534558086247,False
2025-02-13,2025-03-12,,2.89354064281067,False,2025-02-28,,2.89354064281067,False
2025-02-14,2025-03-12,,2.904127829812714,False,2025-02-28,,2.904127829812714,False
2025-02-15,2025-03-12,,2.914715016814759,False,2025-02-28,,2.914715016814759,False
2025-02-16,2025-03-12,,2.9253022038168037,False,2025-02-28,,2.9253022038168037,False
2025-02-17,2025-03-12,,2.9358893908188484,False,2025-02-28,,2.9358893908188484,False
2025-02-18,2025-03-12,,2.9464765778208934,False,2025-02-28,,2.9464765778208934,False
2025-02-19,2025-03-12,,2.9570637648229376,False,2025-02-28,,2.9570637648229376,False
2025-02-20,2025-03-12,,2.9676509518249823,False,2025-02-28,,2.9676509518249823,False
2025-02-21,2025-03-12,,2.9782381388270274,False,2025-02-28,,2.9782381388270274,False
2025-02-22,2025-03-12,,2.988825325829072,False,2025-02-28,,2.988825325829072,False
2025-02-23,2025-03-12,,2.999412512831117,False,2025-02-28,,2.999412512831117,False
2025-02-24,2025-03-12,,2.999412512831117,False,2025-02-28,,2.999412512831117,False
2025-02-25,2025-03-12,,2.999412512831117,False,2025-02-28,,2.999412512831117,False
2025-02-26,2025-03-12,,2.999412512831117,False,2025-02-28,,2.999412512831117,False
2025-02-27,2025-03-12,,2.999412512831117,False,2025-02-28,,2.999412512831117,False
2025-02-28,2025-03-12,,2.999412512831117,False,2025-02-28,,2.999412512831117,False
2025-03-01,2025-03-12,,2.999412512831117,False,2025-02-28,,2.999412512831117,False
2025-03-02,2025-03-12,,2.999412512831117,False,2025-02-28,,2.999412512831117,False
2025-03-03,2025-03-12,,2.999412512831117,False,2025-02-28,,2.999412512831117,False
2025-03-04,2025-03-12,,2.999412512831117,False,2025-02-28,,2.999412512831117,False
2025-03-05,2025-03-12,,2.999412512831117,False,2025-02-28,,2.999412512831117,False
2025-03-06,2025-03-12,,2.999412512831117,False,2025-02-28,,2.999412512831117,False
2025-03-07,2025-03-12,,2.999412512831117,False,2025-02-28,,2.999412512831117,False
2025-03-08,2025-03-12,,2.999412512831117,False,2025-02-28,,2.999412512831117,False
2025-03-09,2025-03-12,,2.999412512831117,False,2025-02-28,,2.999412512831117,False
2025-03-10,2025-03-12,,2.999412512831117,False,2025-02-28,,2.999412512831117,False
2025-03-11,2025-03-12,,2.999412512831117,False,2025-02-28,,2.999412512831117,False
2025-03-12,2025-03-12,2.8142703731568783,2.9839840011915975,True,2025-02-28,,2.9839840011915975,False
