Date,Actual_CPI,Predicted_CPI
2020-01-01,2.09320615,2.0966359681918316
2020-01-02,2.093198375,2.0718521589163093
2020-01-03,2.093190601,2.105795002660353
2020-01-06,2.093175053,2.078049377305731
2020-01-07,2.093175053,2.117618429308548
2020-01-08,2.093218868,2.0893835108273344
2020-01-09,2.093262683,2.09642682225721
2020-01-10,2.093306499,2.125312380654299
2020-01-13,2.093437944,2.1300200511880965
2020-01-14,2.116205467,2.0684912463346055
2020-01-15,2.138886222,2.1161583794517425
2020-01-16,2.161566977,2.1483537156093133
2020-01-17,2.184247732,2.189441307069557
2020-01-20,2.252158551,2.2139435096221147
2020-01-21,2.27479549,2.2867017680028217
2020-01-22,2.29743243,2.269528289202012
2020-01-23,2.320040744,2.304238062974296
2020-01-24,2.319925351,2.338821633347959
2020-01-27,2.319839477,2.3279836839826062
2020-01-28,2.319810852,2.337762424626643
2020-01-29,2.319689357,2.3134446065584644
2020-01-30,2.319567863,2.328264008426784
2020-01-31,2.319446368,2.312985843315134
2020-02-03,2.319139134,2.309851593163545
2020-02-04,2.319046265,2.3065221589918146
2020-02-05,2.318916609,2.3022259303441035
2020-02-06,2.318786954,2.3032020709766714
2020-02-07,2.318657298,2.349445734960845
2020-02-10,2.31854694,2.3218447300634124
2020-02-11,2.346534205,2.3297877349884812
2020-02-12,2.374484302,2.3613169684182425
2020-02-13,2.402434399,2.402716842099824
2020-02-14,2.430384495,2.398594987661243
2020-02-17,2.514345144,2.45308967589696
2020-02-18,2.542332027,2.5369146953155766
2020-02-19,2.57031891,2.5570725107346246
2020-02-20,2.598279781,2.570124646472453
2020-02-21,2.598216601,2.6165529325424726
2020-02-24,2.598138565,2.634124375826733
2020-02-25,2.598112553,2.606657967814241
2020-02-26,2.598117914,2.6245968895116967
2020-02-27,2.598123276,2.59015104793258
2020-02-28,2.598128637,2.590004891052357
2020-03-02,2.598196744,2.5940974277254822
2020-03-03,2.598228117,2.6163554069833768
2020-03-04,2.598170838,2.5541438681087
2020-03-05,2.598113559,2.6103192673080646
2020-03-06,2.59805628,2.5957005354214933
2020-03-09,2.597790324,2.6121670275358477
2020-03-10,2.597701672,2.590623495442249
2020-03-11,2.571758213,2.604246399962079
2020-03-12,2.545814754,2.516123972813573
2020-03-13,2.519871295,2.4988479321264445
2020-03-16,2.442306873,2.5074640018387604
2020-03-17,2.416452066,2.385742109422965
2020-03-18,2.390301404,2.4193626842120453
2020-03-19,2.364150741,2.362055883007481
2020-03-20,2.338000079,2.338383975988954
2020-03-23,2.337112513,2.3019427023350856
2020-03-24,2.336816658,2.322898774141465
2020-03-25,2.336327139,2.3415418396444636
2020-03-26,2.335837621,2.3318452019008706
2020-03-27,2.335348103,2.333909504702723
2020-03-30,2.334767115,2.3892516862665487
2020-03-31,2.334573452,2.3429741348794035
2020-04-01,2.333990966,2.315584576559312
2020-04-02,2.333408479,2.3280447937812916
2020-04-03,2.332825992,2.351558433056118
2020-04-06,2.331659519,2.3358905471573634
2020-04-07,2.331270695,2.277524792499018
2020-04-08,2.331289334,2.332846824347389
2020-04-09,2.331307972,2.3280335120025475
2020-04-10,2.24659894,2.3475321885666833
2020-04-13,1.993638314,2.2083690356678134
2020-04-14,1.909318106,1.8704793944010871
2020-04-15,1.824865756,1.8184188358555822
2020-04-16,1.740413405,1.721426335159408
2020-04-17,1.655961055,1.6934059555428438
2020-04-20,1.486109287,1.5850439989254266
2020-04-21,1.485977145,1.3715991170260773
2020-04-22,1.485823861,1.4966408888590994
2020-04-23,1.485670577,1.5075950573056374
2020-04-24,1.485517293,1.4669023969391555
2020-04-27,1.485453867,1.4671968664053507
2020-04-28,1.485432725,1.4951866632948716
2020-04-29,1.485164226,1.4836392214712733
2020-04-30,1.484895728,1.4828617556318253
2020-05-01,1.48462723,1.4994675225140288
2020-05-04,1.483885161,1.4552826804500492
2020-05-05,1.483637804,1.4796334705074357
2020-05-06,1.484009452,1.4579084032169742
2020-05-07,1.4843811,1.4769003812006956
2020-05-08,1.484752747,1.505648410263994
2020-05-11,1.486609759,1.5012170047128233
2020-05-12,1.369129496,1.494819223185959
2020-05-13,1.252086813,1.324757659170424
2020-05-14,1.135044131,1.1972518627128133
2020-05-15,1.018001448,1.0431995958830302
2020-05-18,0.665016388,0.9329031003598915
2020-05-19,0.547354701,0.47989924646359755
2020-05-20,0.430251994,0.43642717172528295
2020-05-21,0.313149286,0.34326544989409313
2020-05-22,0.314145845,0.2455346711109076
2020-05-25,0.315822782,0.28231598830874793
2020-05-26,0.316381761,0.31782084732975907
2020-05-27,0.316940739,0.3143391980777133
2020-05-28,0.317307673,0.296130755663133
2020-05-29,0.317674607,0.3102900949947473
2020-06-01,0.317098472,0.3218656412945948
2020-06-02,0.316906427,0.30188138365195244
2020-06-03,0.316845653,0.29516294480568217
2020-06-04,0.316784878,0.33294155056755165
2020-06-05,0.316724103,0.3314974379616299
2020-06-08,0.316925869,0.30088366046241233
2020-06-09,0.31705714,0.3024889565664537
2020-06-10,0.305898959,0.3294875729618018
2020-06-11,0.294740779,0.3115738244224788
2020-06-12,0.283582598,0.2821827037476813
2020-06-15,0.249714245,0.28320757166710014
2020-06-16,0.238424794,0.2597056079765532
2020-06-17,0.22738318,0.19893637933922764
2020-06-18,0.216341566,0.2272164039681907
2020-06-19,0.205299951,0.19697308538705238
2020-06-22,0.206043461,0.19456241524675844
2020-06-23,0.206291298,0.20154955299909952
2020-06-24,0.206357475,0.2644732595296341
2020-06-25,0.206423652,0.19898259051737105
2020-06-26,0.206489829,0.20411682852557764
2020-06-29,0.205944851,0.2282989226804192
2020-06-30,0.205763191,0.1981627124809269
2020-07-01,0.205370015,0.17464833291850482
2020-07-02,0.20497684,0.2109112226553545
2020-07-03,0.204583664,0.21941597172547017
2020-07-06,0.203949115,0.21528793908024937
2020-07-07,0.203737599,0.2243447495607383
2020-07-08,0.203428394,0.23217080316755243
2020-07-09,0.203119189,0.1998496882201111
2020-07-10,0.202809984,0.22478989225997895
2020-07-13,0.202516917,0.19207961227313147
2020-07-14,0.254264727,0.24145393232795642
2020-07-15,0.305764743,0.3122737190168942
2020-07-16,0.35726476,0.3377847471937396
2020-07-17,0.408764777,0.40169086769036105
2020-07-20,0.563557893,0.44950015813527183
2020-07-21,0.615155598,0.6542701993413866
2020-07-22,0.666744318,0.6798182416818067
2020-07-23,0.718333038,0.6916118250102147
2020-07-24,0.71807626,0.7691872976570752
2020-07-27,0.718049304,0.7334209406860862
2020-07-28,0.718040318,0.6935697668989999
2020-07-29,0.717986747,0.7390594450666628
2020-07-30,0.717933177,0.725804383304104
2020-07-31,0.717879606,0.7404977157978185
2020-08-03,0.717745851,0.7151178572278107
2020-08-04,0.717701266,0.7298883687996239
2020-08-05,0.717655288,0.685995841502694
2020-08-06,0.71760931,0.7206166341878785
2020-08-07,0.717563332,0.7011520110196447
2020-08-10,0.717559153,0.7274337918628542
2020-08-11,0.71755776,0.7396626454824707
2020-08-12,0.745565324,0.7304700489472128
2020-08-13,0.773572889,0.7509496699487009
2020-08-14,0.801580453,0.7798290180013201
2020-08-17,0.885607324,0.8199889424262096
2020-08-18,0.913616282,0.939370185394683
2020-08-19,0.941636435,0.9244017701646281
2020-08-20,0.969656589,0.9564063685414723
2020-08-21,0.997676743,1.0073554472613226
2020-08-24,0.997710332,1.0157550300802325
2020-08-25,0.997721529,0.9788538045301343
2020-08-26,0.997692984,0.9952209218595568
2020-08-27,0.99766444,0.9796418479698794
2020-08-28,0.997635896,0.9913998127341102
2020-08-31,0.997516673,1.0013673210714575
2020-09-01,0.997476932,1.0122938968564645
2020-09-02,0.997466464,1.0092079206280924
2020-09-03,0.997455995,1.0061030363025258
2020-09-04,0.997445526,0.9921216634999886
2020-09-07,0.997533342,1.0300053299056653
2020-09-08,0.997562614,0.9829467921393362
2020-09-09,0.997591887,0.9656708588428463
2020-09-10,0.997558421,0.9642813585875577
2020-09-11,1.025945464,0.9928966399936752
2020-09-14,1.111018776,1.0556701926544094
2020-09-15,1.139376547,1.1216606118331691
2020-09-16,1.167624958,1.1751852734362485
2020-09-17,1.195873369,1.1682112685953996
2020-09-18,1.22412178,1.242679724431086
2020-09-21,1.28057198,1.245747440301761
2020-09-22,1.28046262,1.3140635243194598
2020-09-23,1.280474997,1.265620880342922
2020-09-24,1.280487374,1.295799421419552
2020-09-25,1.280499751,1.26320635548084
2020-09-28,1.280864961,1.29083413799912
2020-09-29,1.280986697,1.2747948441459303
2020-09-30,1.281035852,1.2766583593217888
2020-10-01,1.281085007,1.2898066481991017
2020-10-02,1.281134162,1.2937502322641183
2020-10-05,1.280916417,1.3036225248530655
2020-10-06,1.280843836,1.300677088103364
2020-10-07,1.280722707,1.298722546792084
2020-10-08,1.280601578,1.2783702003219837
2020-10-09,1.280480449,1.2795029077792597
2020-10-12,1.280334808,1.26793861367544
2020-10-13,1.291281565,1.2785218342149034
2020-10-14,1.302228322,1.2809805443888775
2020-10-15,1.313230225,1.2946234563476637
2020-10-16,1.324232129,1.296073762419904
2020-10-19,1.357383481,1.3494301314071564
2020-10-20,1.368433932,1.3912683280698028
2020-10-21,1.379469982,1.4130047036705249
2020-10-22,1.390506032,1.3602792195831963
2020-10-23,1.390546777,1.4414494016591781
2020-10-26,1.390558721,1.3884579664321954
2020-10-27,1.39054432,1.39619663093116
2020-10-28,1.390559371,1.4169413779430626
2020-10-29,1.390574422,1.39727936132857
2020-10-30,1.390589473,1.4073075254338814
2020-11-02,1.390677829,1.388142269225165
2020-11-03,1.390707281,1.377188195755772
2020-11-04,1.390721512,1.3921208702242325
2020-11-05,1.390735743,1.4239812597768093
2020-11-06,1.390749974,1.4184992909953742
2020-11-09,1.390704311,1.3882739249786211
2020-11-10,1.39068909,1.391952128514225
2020-11-11,1.390673869,1.4057626265193084
2020-11-12,1.374571827,1.3895652824979987
2020-11-13,1.358469785,1.3702440538144622
2020-11-16,1.310209322,1.3627168362914355
2020-11-17,1.294122501,1.261267760739246
2020-11-18,1.278092294,1.2408263703543303
2020-11-19,1.262062088,1.2821162284221332
2020-11-20,1.246031882,1.23032574652496
2020-11-23,1.230114906,1.2356458661691165
2020-11-24,1.230171521,1.2286782157604335
2020-11-25,1.230309094,1.226769062737981
2020-11-26,1.230446668,1.246953897691689
2020-11-27,1.230584241,1.2331900302321757
2020-11-30,1.230827117,1.256521224811468
2020-12-01,1.230908075,1.2374276490914786
2020-12-02,1.230989034,1.2064345400824876
2020-12-03,1.231069992,1.2116111502951423
2020-12-04,1.231150951,1.2379862139060505
2020-12-07,1.231150951,1.2255259266323424
2020-12-08,1.231150951,1.2223190856495183
2020-12-09,1.231180947,1.2171206757457864
2020-12-10,1.225746829,1.2275578285923507
2020-12-11,1.220312712,1.1988062884572124
2020-12-14,1.20401036,1.194813101014002
2020-12-15,1.198576243,1.1820864848971686
2020-12-16,1.193174469,1.1848658803222367
2020-12-17,1.187772695,1.1909041836686243
2020-12-18,1.182370922,1.2126715628443916
2020-12-21,1.17700384,1.1718909453989526
2020-12-22,1.177036183,1.2083040420331725
2020-12-23,1.177107673,1.1788224848257212
2020-12-24,1.177179162,1.2051183814248212
2020-12-25,1.177250651,1.1785848037708488
2020-12-28,1.177368087,1.168951628766337
2020-12-29,1.177407233,1.1875161692424179
2020-12-30,1.177561526,1.2053469767375091
2020-12-31,1.177715819,1.1861903727658407
2021-01-01,1.177870112,1.1598991106737306
2021-01-04,1.178215555,1.1879990919830934
2021-01-05,1.178330702,1.1893808356187587
2021-01-06,1.178379007,1.1880423224406695
2021-01-07,1.178427313,1.145732906202062
2021-01-08,1.178475618,1.1466206684611087
2021-01-11,1.178275091,1.175262882168897
2021-01-12,1.178208248,1.1599812096425568
2021-01-13,1.192619963,1.1670139864803553
2021-01-14,1.207031678,1.1689618874605543
2021-01-15,1.221443394,1.2293647562199763
2021-01-18,1.264879066,1.2338891494494866
2021-01-19,1.279357623,1.2730438539469102
2021-01-20,1.29383618,1.2861450664605585
2021-01-21,1.308314738,1.3508935201218817
2021-01-22,1.322807621,1.2847798198699574
2021-01-25,1.322850598,1.3190537407121146
2021-01-26,1.322864923,1.3215587414614656
2021-01-27,1.322772636,1.31338414913774
2021-01-28,1.322680348,1.3403719534238394
2021-01-29,1.32258806,1.3149761792561903
2021-02-01,1.322296872,1.2922957857765636
2021-02-02,1.322190259,1.3247175269410838
2021-02-03,1.32204972,1.3411662460373883
2021-02-04,1.321909181,1.3101637252071185
2021-02-05,1.321768642,1.310312484745856
2021-02-08,1.32515695,1.3003438176910573
2021-02-09,1.328613109,1.3016618215680043
2021-02-10,1.332108544,1.339519174826726
2021-02-11,1.33560398,1.35553274489904
2021-02-12,1.339099415,1.34800047938286
2021-02-15,1.349687498,1.3408898908554594
2021-02-16,1.353216859,1.3728878457523483
2021-02-17,1.35674622,1.379674610078864
2021-02-18,1.356824302,1.3632194399559954
2021-02-19,1.356902384,1.373339006366512
2021-02-22,1.3570188,1.3541468952465725
2021-02-23,1.357057606,1.3703503294984023
2021-02-24,1.357108229,1.365305459489385
2021-02-25,1.357158853,1.3572920688839962
2021-02-26,1.357209476,1.3557837696268156
2021-03-01,1.357283736,1.3791399708999812
2021-03-02,1.357295554,1.3466606432193327
2021-03-03,1.357331662,1.3655779953908764
2021-03-04,1.35736777,1.3368023610192952
2021-03-05,1.357403878,1.3527348730001671
2021-03-08,1.357476746,1.3683164181285277
2021-03-09,1.357501036,1.3653854600263395
2021-03-10,1.388694965,1.3761257577629071
2021-03-11,1.419888895,1.408152145431856
2021-03-12,1.451082824,1.4473061258332933
2021-03-15,1.544591743,1.4675593350262954
2021-03-16,1.575761383,1.6023392808737196
2021-03-17,1.606978059,1.5923051468075955
2021-03-18,1.638194735,1.6351681484226575
2021-03-19,1.669411411,1.680055278359514
2021-03-22,1.66955252,1.6560661359250892
2021-03-23,1.669599556,1.676289057431397
2021-03-24,1.669560047,1.6803430120281135
2021-03-25,1.669520537,1.6724219363940587
2021-03-26,1.669481027,1.6681319783301745
2021-03-29,1.66922139,1.6837854781662822
2021-03-30,1.669134844,1.6475374436882233
2021-03-31,1.668950794,1.658651899588933
2021-04-01,1.668766744,1.6883006706646562
2021-04-02,1.668582693,1.6541936368034702
2021-04-05,1.668290179,1.6819675972048553
2021-04-06,1.668192675,1.673517852227464
2021-04-07,1.668108739,1.6881409198368873
2021-04-08,1.668024803,1.6649554175236034
2021-04-09,1.667940867,1.6616162309199023
2021-04-12,1.667981573,1.6763586430065147
2021-04-13,1.763609476,1.6676855794497
2021-04-14,1.859192289,1.8428806499620767
2021-04-15,1.954775101,1.9278058373573197
2021-04-16,2.050357914,2.0519276033603515
2021-04-19,2.337065646,2.167423776183645
2021-04-20,2.43263489,2.525315289156908
2021-04-21,2.528195722,2.544172669687757
2021-04-22,2.623756555,2.618279029512417
2021-04-23,2.623703053,2.715332665723279
2021-04-26,2.623677818,2.6573215098683067
2021-04-27,2.623669406,2.6440510188744244
2021-04-28,2.623623466,2.629857394765404
2021-04-29,2.623577526,2.621574533912183
2021-04-30,2.623531586,2.6510988993715174
2021-05-03,2.623419001,2.60452468172428
2021-05-04,2.623381472,2.6295155846988574
2021-05-05,2.623366059,2.616316441517511
2021-05-06,2.623350647,2.6326227764640913
2021-05-07,2.623335234,2.646130769513441
2021-05-10,2.623401581,2.6290230887403716
2021-05-11,2.623423696,2.612387919475964
2021-05-12,2.774910867,2.6389135788785834
2021-05-13,2.926398037,2.8339113654086088
2021-05-14,3.077885208,3.0105529725734144
2021-05-17,3.532280373,3.1840730873990073
2021-05-18,3.683745428,3.805019438011012
2021-05-19,3.835221321,3.8625697967957486
2021-05-20,3.986697215,3.9753289978554323
2021-05-21,4.138173109,4.099877454169985
2021-05-24,4.138205626,4.2419098656497125
2021-05-25,4.138216465,4.182358871161154
2021-05-26,4.138148506,4.17869773420646
2021-05-27,4.138080547,4.148471982701997
2021-05-28,4.138012588,4.12267063403463
2021-05-31,4.137776194,4.150244190799246
2021-06-01,4.137697396,4.120683232724424
2021-06-02,4.137618598,4.129580514326401
2021-06-03,4.137645973,4.128071500300985
2021-06-04,4.137673347,4.158125047501829
2021-06-07,4.137991863,4.131059804256865
2021-06-08,4.138098036,4.139842827916935
2021-06-09,4.138181835,4.149913371395101
2021-06-10,4.217174945,4.155440446093813
2021-06-11,4.296168055,4.227636110768206
2021-06-14,4.532935042,4.336671980770298
2021-06-15,4.61182198,4.666830056321102
2021-06-16,4.690751481,4.703716992095712
2021-06-17,4.769680982,4.772211331935645
2021-06-18,4.848610482,4.843052902518233
2021-06-21,4.927647481,4.9335706864003255
2021-06-22,4.927690044,4.967264695183651
2021-06-23,4.927686627,4.967593687260912
2021-06-24,4.92768321,4.918073790409869
2021-06-25,4.927679793,4.922630703124586
2021-06-28,4.927541855,4.9312373390748006
2021-06-29,4.927495876,4.925037711364532
2021-06-30,4.927485231,4.929804965575502
2021-07-01,4.927474587,4.9406657934640155
2021-07-02,4.927463942,4.918580471757805
2021-07-05,4.927569947,4.933381635008521
2021-07-06,4.927605282,4.926212304220652
2021-07-07,4.927640617,4.927272768777974
2021-07-08,4.927717291,4.920888959074689
2021-07-09,4.927793966,4.9153996445050145
2021-07-12,4.927917984,4.933018296426179
2021-07-13,4.967054562,4.919569852548931
2021-07-14,5.006210604,5.000628824960297
2021-07-15,5.045366646,5.0325558956177545
2021-07-16,5.084522689,5.043545843407008
2021-07-19,5.201908136,5.115433341146533
2021-07-20,5.241022839,5.300782690560087
2021-07-21,5.280021587,5.2543485423809955
2021-07-22,5.319020335,5.305942290359218
2021-07-23,5.318923845,5.338287184988393
2021-07-26,5.31857598,5.3149680501072645
2021-07-27,5.318460026,5.303217650400429
2021-07-28,5.318311163,5.302869920414445
2021-07-29,5.3181623,5.325559108979124
2021-07-30,5.318013437,5.332926507461845
2021-08-02,5.317914714,5.30702232634562
2021-08-03,5.317881806,5.312942585681102
2021-08-04,5.31785806,5.28490878318136
2021-08-05,5.317834314,5.321668643167109
2021-08-06,5.317810568,5.348311191572545
2021-08-09,5.317838055,5.3015913986001335
2021-08-10,5.317847217,5.3137701934478825
2021-08-11,5.312957704,5.292298799270356
2021-08-12,5.308068191,5.309464696065748
2021-08-13,5.303178678,5.267641341539773
2021-08-16,5.288482651,5.303004796703421
2021-08-17,5.283583975,5.310052654613828
2021-08-18,5.278654417,5.279607871089473
2021-08-19,5.273724858,5.274234616368458
2021-08-20,5.2687953,5.266658318312398
2021-08-23,5.26870265,5.251744514832134
2021-08-24,5.268671767,5.250244357662373
2021-08-25,5.268531886,5.234996330868536
2021-08-26,5.268392005,5.254754267780194
2021-08-27,5.268252124,5.241949345854534
2021-08-30,5.26792513,5.271522794128231
2021-08-31,5.267816132,5.282329537915884
2021-09-01,5.267774323,5.248390980836675
2021-09-02,5.267732513,5.270231043152479
2021-09-03,5.267690704,5.278064347476135
2021-09-06,5.267892269,5.281771486474731
2021-09-07,5.267959457,5.230346604666184
2021-09-08,5.268026646,5.250256529983066
2021-09-09,5.268171919,5.274735995572433
2021-09-10,5.268317193,5.283976603696886
2021-09-13,5.268551447,5.269447082163541
2021-09-14,5.259845085,5.265101414918424
2021-09-15,5.251128473,5.264427979282313
2021-09-16,5.242411862,5.248320692926157
2021-09-17,5.23369525,5.249870206508631
2021-09-20,5.207389245,5.208821181065303
2021-09-21,5.198594548,5.187727499307156
2021-09-22,5.189819965,5.186248027206438
2021-09-23,5.181045382,5.171684127262697
2021-09-24,5.181055247,5.154072623522445
2021-09-27,5.181115589,5.166711883873791
2021-09-28,5.181135703,5.156703960723858
2021-09-29,5.181229307,5.215942536638861
2021-09-30,5.181322912,5.185735310420591
2021-10-01,5.181416516,5.17278194295477
2021-10-04,5.181636989,5.171032789747549
2021-10-05,5.181710479,5.224509576936769
2021-10-06,5.181807765,5.193462384415638
2021-10-07,5.181905051,5.15288833409257
2021-10-08,5.182002337,5.160419507622016
2021-10-11,5.182073723,5.1905504873108335
2021-10-12,5.182097518,5.181661487858973
2021-10-13,5.200341338,5.183525681460087
2021-10-14,5.218709147,5.221639557232903
2021-10-15,5.237076956,5.228237754483127
2021-10-18,5.292108996,5.256338372549429
2021-10-19,5.31045301,5.340388058520372
2021-10-20,5.328788985,5.348161365797306
2021-10-21,5.347124959,5.371467125283142
2021-10-22,5.365460934,5.3751841686944815
2021-10-25,5.365560805,5.360996178887981
2021-10-26,5.365552766,5.386579346563839
2021-10-27,5.365509204,5.363668195499572
2021-10-28,5.365465641,5.377288083801396
2021-10-29,5.365422079,5.344801546729403
2021-11-01,5.365315509,5.3720938013698065
2021-11-02,5.365279986,5.349726571819481
2021-11-03,5.36524973,5.34443910812306
2021-11-04,5.365219473,5.371465500160172
2021-11-05,5.365189217,5.399110725924397
2021-11-08,5.365205018,5.349606746648981
2021-11-09,5.365210284,5.395788954942217
2021-11-10,5.451433789,5.35841220528676
2021-11-11,5.537657293,5.500731936402406
2021-11-12,5.623880797,5.576809910738657
2021-11-15,5.88253551,5.662460209925436
2021-11-16,5.968753747,6.059611290142583
2021-11-17,6.054994163,6.043889228681205
2021-11-18,6.141234579,6.121387173873641
2021-11-19,6.227474995,6.223637802310943
2021-11-22,6.22754153,6.3044532569836225
2021-11-23,6.227563708,6.249637266093614
2021-11-24,6.227530002,6.243492539285793
2021-11-25,6.227496296,6.214552837754799
2021-11-26,6.227462589,6.240559167360244
2021-11-29,6.227294935,6.214675968346302
2021-11-30,6.22723905,6.217761939736473
2021-12-01,6.227183166,6.200705800570429
2021-12-02,6.227127281,6.236902640982453
2021-12-03,6.227071396,6.21190470615665
2021-12-06,6.227071396,6.225334893753209
2021-12-07,6.227071396,6.2324960850459705
2021-12-08,6.226859494,6.191538136331199
2021-12-09,6.226647592,6.204900962900137
2021-12-10,6.29033252,6.227892476240039
2021-12-13,6.481387305,6.360277950840102
2021-12-14,6.545072233,6.595395956200343
2021-12-15,6.608770428,6.613760496143335
2021-12-16,6.672468624,6.677940104184576
2021-12-17,6.736166819,6.6898899804357335
2021-12-20,6.864000282,6.75546967764803
2021-12-21,6.864013549,6.927296844236188
2021-12-22,6.864044317,6.866053544422242
2021-12-23,6.864075085,6.858994776205458
2021-12-24,6.864105852,6.842556401998818
2021-12-27,6.864158353,6.846798670686733
2021-12-28,6.864175854,6.862238207531896
2021-12-29,6.864212861,6.861059399724017
2021-12-30,6.864249869,6.855973650564709
2021-12-31,6.864286877,6.856750412354429
2022-01-03,6.8643454,6.884511545648357
2022-01-04,6.864364908,6.858729013390395
2022-01-05,6.864471692,6.873338737806268
2022-01-06,6.864578476,6.851510716657913
2022-01-07,6.86468526,6.876065342996223
2022-01-10,6.864947089,6.832825839337367
2022-01-11,6.865034366,6.856504340530987
2022-01-12,6.894512902,6.837295105316861
2022-01-13,6.923991438,6.90862284981651
2022-01-14,6.953469974,6.941585697498473
2022-01-17,7.041643754,6.984199635485478
2022-01-18,7.071035013,7.108094706867964
2022-01-19,7.100426273,7.125541222077104
2022-01-20,7.129880307,7.120424589485384
2022-01-21,7.15933434,7.15181723462993
2022-01-24,7.159522662,7.168671433313891
2022-01-25,7.159585436,7.130285478764916
2022-01-26,7.159856118,7.197481515075187
2022-01-27,7.160126801,7.137577941380957
2022-01-28,7.160397484,7.155534419857318
2022-01-31,7.161083983,7.132957744419167
2022-02-01,7.161291892,7.142356861171995
2022-02-02,7.161466021,7.142168479294069
2022-02-03,7.16164015,7.169770950321657
2022-02-04,7.16181428,7.158329308127788
2022-02-07,7.161712942,7.1396730250961395
2022-02-08,7.203541674,7.155551105483406
2022-02-09,7.245378678,7.2304887385484635
2022-02-10,7.287215682,7.29763194496825
2022-02-11,7.329052686,7.353105425677461
2022-02-14,7.454665037,7.374016637433934
2022-02-15,7.49653582,7.522483540490638
2022-02-16,7.538381625,7.54740490519348
2022-02-17,7.580227431,7.55780249796705
2022-02-18,7.580210724,7.624966881270079
2022-02-21,7.58013579,7.569495335178753
2022-02-22,7.580110812,7.542224670935598
2022-02-23,7.580085834,7.583290713849892
2022-02-24,7.580043314,7.570006845038746
2022-02-25,7.580000793,7.57884724406639
2022-02-28,7.579948167,7.559790993182594
2022-03-01,7.579930624,7.595346865810079
2022-03-02,7.579878207,7.567269189315346
2022-03-03,7.579825791,7.554824639412796
2022-03-04,7.579773374,7.574713391488178
2022-03-07,7.579651208,7.6145930605208605
2022-03-08,7.579616333,7.5528968123180995
2022-03-09,7.579711437,7.58822661559085
2022-03-10,7.616920385,7.588772756506914
2022-03-11,7.654129333,7.636519733990664
2022-03-14,7.7658608,7.658964034460673
2022-03-15,7.803104622,7.847327656817868
2022-03-16,7.840293788,7.870094168926798
2022-03-17,7.877482954,7.890133001003059
2022-03-18,7.914672119,7.912724167975382
2022-03-21,7.951621993,7.933559156403828
2022-03-22,7.951567336,7.953018464850541
2022-03-23,7.951455975,7.957926631735785
2022-03-24,7.951344614,7.942216251706935
2022-03-25,7.951233253,7.922977714997213
2022-03-28,7.951063141,7.941793612760586
2022-03-29,7.951006437,7.962509224015881
2022-03-30,7.951024445,7.94436424636291
2022-03-31,7.951042452,7.9571123325361475
2022-04-01,7.95106046,7.938702309932494
2022-04-04,7.951284596,7.947889826329557
2022-04-05,7.951359308,7.939579748420131
2022-04-06,7.951310303,7.956228551330845
2022-04-07,7.951261298,7.942431415697983
2022-04-08,7.951212292,7.946331766100877
2022-04-11,7.95084114,7.949674283787452
2022-04-12,8.009873348,7.935837727786977
2022-04-13,8.068838493,8.06082295362833
2022-04-14,8.127803638,8.093376258104547
2022-04-15,8.186768783,8.19941507284037
2022-04-18,8.364035369,8.234555653637548
2022-04-19,8.423124232,8.449590085853568
2022-04-20,8.482320647,8.511277002021087
2022-04-21,8.541517063,8.515114467731994
2022-04-22,8.541557554,8.588854809135503
2022-04-25,8.541880215,8.548072447394073
2022-04-26,8.541987769,8.539165863857145
2022-04-27,8.54190637,8.53228153879497
2022-04-28,8.541824972,8.499092557254983
2022-04-29,8.541743573,8.54596200624113
2022-05-02,8.541176717,8.558715658949861
2022-05-03,8.540987764,8.502855993979512
2022-05-04,8.540830384,8.484652797116153
2022-05-05,8.540673004,8.516967459459995
2022-05-06,8.540515624,8.561671074153923
2022-05-09,8.540610341,8.532740272923695
2022-05-10,8.540641913,8.5592377118073
2022-05-11,8.510165263,8.526449329202062
2022-05-12,8.479688613,8.467334324582824
2022-05-13,8.449211963,8.448068038720383
2022-05-16,8.357687296,8.437395469775906
2022-05-17,8.327179074,8.289199480837505
2022-05-18,8.296548488,8.271913918961733
2022-05-19,8.265917901,8.236114706705324
2022-05-20,8.235287314,8.238983038038688
2022-05-23,8.234920221,8.202194128559883
2022-05-24,8.234797856,8.22231605139759
2022-05-25,8.234858506,8.20407577189165
2022-05-26,8.234919155,8.239919259099533
2022-05-27,8.234979805,8.188926965811135
2022-05-30,8.235528847,8.21314407863369
2022-05-31,8.235711861,8.194185414284545
2022-06-01,8.235894875,8.23955893112238
2022-06-02,8.236158331,8.225029148251647
2022-06-03,8.236421787,8.214276951554663
2022-06-06,8.236663113,8.244479604739583
2022-06-07,8.236743555,8.245862051760312
2022-06-08,8.236741178,8.242159956623647
2022-06-09,8.236738801,8.236585297474054
2022-06-10,8.266225421,8.218118532634545
2022-06-13,8.354524397,8.300873054969196
2022-06-14,8.383930575,8.407541308901168
2022-06-15,8.41338596,8.386416389258276
2022-06-16,8.442841345,8.429968918836776
2022-06-17,8.472296731,8.475750173984277
2022-06-20,8.531422346,8.501629210272352
2022-06-21,8.531471553,8.568419599036192
2022-06-22,8.531520761,8.529982839868778
2022-06-23,8.531569968,8.524134577904638
2022-06-24,8.531619175,8.515418499761662
2022-06-27,8.531619175,8.5480309430446
2022-06-28,8.531619175,8.563184779459917
2022-06-29,8.531570951,8.539399261850527
2022-06-30,8.531522727,8.517883119036831
2022-07-01,8.531474503,8.543597960383021
2022-07-04,8.531329832,8.528956349627727
2022-07-05,8.531281608,8.537622670409702
2022-07-06,8.531233384,8.536939054121802
2022-07-07,8.53107284,8.531514939097535
2022-07-08,8.530912296,8.50287524534083
2022-07-11,8.530575337,8.501318752793152
2022-07-12,8.530463017,8.533621603793698
2022-07-13,8.577285055,8.553089807248744
2022-07-14,8.624107093,8.5627207102468
2022-07-15,8.670929131,8.625532015633011
2022-07-18,8.811619885,8.6934647861209
2022-07-19,8.858554243,8.842256783220225
2022-07-20,8.905345133,8.880469001879657
2022-07-21,8.952136024,8.915998382485215
2022-07-22,8.998926915,8.994776326559364
2022-07-25,8.998496513,8.981623490506154
2022-07-26,8.998353046,8.989880446645675
2022-07-27,8.998181349,9.00672082488299
2022-07-28,8.998009652,8.979669021580907
2022-07-29,8.997837955,8.960715296457373
2022-08-01,8.997753265,9.000161366392645
2022-08-02,8.997725036,8.966273032574644
2022-08-03,8.997679944,8.968019042502252
2022-08-04,8.997634853,8.966991473164516
2022-08-05,8.997589762,8.984283051794572
2022-08-08,8.997539178,8.972815736721563
2022-08-09,8.997522316,8.968396595902785
2022-08-10,8.942250065,9.002815906161159
2022-08-11,8.886977813,8.898265924569076
2022-08-12,8.831705561,8.82323972122043
2022-08-15,8.665939391,8.799404596685314
2022-08-16,8.610684001,8.571399583395968
2022-08-17,8.555522617,8.522197921774035
2022-08-18,8.500361233,8.502585722898607
2022-08-19,8.445199848,8.466948898127736
2022-08-22,8.445481866,8.412821809994513
2022-08-23,8.445575872,8.432063337858343
2022-08-24,8.445716751,8.44263678334139
2022-08-25,8.44585763,8.438992401766962
2022-08-26,8.445998508,8.442234193805874
2022-08-29,8.446139127,8.444890141797469
2022-08-30,8.446186,8.44666442942551
2022-08-31,8.446243403,8.454758023595634
2022-09-01,8.446300805,8.439658359972096
2022-09-02,8.446358208,8.43974144994028
2022-09-05,8.446389797,8.439969301638813
2022-09-06,8.446400327,8.453065580976117
2022-09-07,8.446410857,8.428204067665902
2022-09-08,8.446440135,8.434498942034121
2022-09-09,8.446469414,8.465126982953763
2022-09-12,8.44652566,8.436330377132917
2022-09-13,8.423392094,8.449554164332914
2022-09-14,8.400253968,8.41822847578233
2022-09-15,8.377115842,8.393721484658096
2022-09-16,8.353977716,8.352884228374185
2022-09-19,8.28452584,8.309206136137574
2022-09-20,8.261368965,8.266992661984519
2022-09-21,8.238187386,8.214590525880235
2022-09-22,8.215005808,8.223426094398599
2022-09-23,8.214976544,8.153921894962357
2022-09-26,8.214902433,8.180222527588864
2022-09-27,8.214877729,8.215463401437798
2022-09-28,8.214915183,8.208655003275211
2022-09-29,8.214952637,8.1947996512504
2022-09-30,8.214990091,8.187026026765688
2022-10-03,8.215176565,8.226032208207549
2022-10-04,8.215238722,8.19336489022161
2022-10-05,8.215212982,8.218748417968023
2022-10-06,8.215187242,8.224022595181554
2022-10-07,8.215161502,8.216447774259521
2022-10-10,8.214897807,8.20179047354202
2022-10-11,8.214809909,8.18155863203007
2022-10-12,8.214722011,8.23299880267302
2022-10-13,8.213707414,8.188671213019672
2022-10-14,8.212692818,8.188187474531599
2022-10-17,8.209912721,8.219177881993035
2022-10-18,8.208986022,8.189498983582194
2022-10-19,8.208025927,8.201681020778555
2022-10-20,8.207065831,8.17210135302102
2022-10-21,8.206105736,8.221001742506889
2022-10-24,8.205078847,8.230109350974729
2022-10-25,8.20504545,8.216796972476214
2022-10-26,8.205080324,8.214885084437281
2022-10-27,8.205115197,8.228507374429437
2022-10-28,8.20515007,8.190549062388726
2022-10-31,8.20535488,8.21028335732035
2022-11-01,8.20542315,8.22520998937665
2022-11-02,8.205524086,8.199986236125872
2022-11-03,8.205625022,8.208619235385116
2022-11-04,8.205725957,8.199771959142264
2022-11-07,8.205823955,8.199158409842939
2022-11-08,8.205856621,8.203222934538402
2022-11-09,8.205896823,8.172782018950983
2022-11-10,8.161088014,8.197390405452097
2022-11-11,8.116279206,8.122551336930849
2022-11-14,7.981754783,8.06431872068052
2022-11-15,7.936913308,7.908284413034273
2022-11-16,7.892073314,7.914467271734333
2022-11-17,7.84723332,7.851546273687203
2022-11-18,7.802393326,7.796476957794509
2022-11-21,7.757548756,7.793544159593569
2022-11-22,7.757550237,7.70873047034871
2022-11-23,7.757521295,7.7258679144481555
2022-11-24,7.757492354,7.758059787711872
2022-11-25,7.757463413,7.757328392178179
2022-11-28,7.757372147,7.768257117243132
2022-11-29,7.757341725,7.751742425062982
2022-11-30,7.757311303,7.73979550991766
2022-12-01,7.757280881,7.737943146540705
2022-12-02,7.75725046,7.756593493887862
2022-12-05,7.75725046,7.739138338074325
2022-12-06,7.75725046,7.73634076197759
2022-12-07,7.757159238,7.723040930779027
2022-12-08,7.757068017,7.777826045970529
2022-12-09,7.756976795,7.786191680218599
2022-12-12,7.756703131,7.7374707417020705
2022-12-13,7.6940238,7.748827613360795
2022-12-14,7.631248177,7.693278132171414
2022-12-15,7.568472555,7.620901102801432
2022-12-16,7.505696933,7.507057753292103
2022-12-19,7.317643731,7.440911043998433
2022-12-20,7.25495933,7.189717991633865
2022-12-21,7.192338248,7.16460398661621
2022-12-22,7.129717165,7.157461082618678
2022-12-23,7.129684193,7.074046376608197
2022-12-26,7.129874147,7.113885976528874
2022-12-27,7.129937465,7.116321152509672
2022-12-28,7.130000784,7.117628615328989
2022-12-29,7.130052684,7.120198452702728
2022-12-30,7.130104585,7.123766196883177
2023-01-02,7.130070332,7.130076618845257
2023-01-03,7.130058915,7.148347122631707
2023-01-04,7.130047497,7.154903017577447
2023-01-05,7.13007789,7.114043090649354
2023-01-06,7.130108283,7.0871073783761
2023-01-09,7.130222297,7.130655182787447
2023-01-10,7.130264108,7.144298861929786
2023-01-11,7.130241397,7.12557192282587
2023-01-12,7.058163817,7.115235172680353
2023-01-13,6.986086237,7.028150793650656
2023-01-16,6.769769875,6.908649626396073
2023-01-17,6.697650484,6.632507689127406
2023-01-18,6.625531094,6.629481649729665
2023-01-19,6.553528998,6.540973108251404
2023-01-20,6.481526902,6.508784688199936
2023-01-23,6.409823917,6.446403625255639
2023-01-24,6.409941212,6.36047080257005
2023-01-25,6.410103223,6.3933357676995515
2023-01-26,6.410265234,6.385827222957388
2023-01-27,6.410427244,6.401954075100971
2023-01-30,6.410678687,6.411959825107678
2023-01-31,6.410723403,6.393102244397033
2023-02-01,6.41088863,6.4083652598514
2023-02-02,6.411053857,6.4027966603892255
2023-02-03,6.411219084,6.3907996305442785
2023-02-06,6.411580618,6.39918311765477
2023-02-07,6.411701129,6.394676384513794
2023-02-08,6.411698278,6.385597127358586
2023-02-09,6.411695427,6.427106045467536
2023-02-10,6.404639039,6.428095621402622
2023-02-13,6.383108343,6.407709936623593
2023-02-14,6.375931444,6.405207542934258
2023-02-15,6.368759433,6.361704342219666
2023-02-16,6.361587421,6.388859878590252
2023-02-17,6.354415409,6.352829423790085
2023-02-20,6.340322998,6.339852405642741
2023-02-21,6.340327885,6.300233727840289
2023-02-22,6.340332772,6.3425655283238145
2023-02-23,6.340311473,6.355263627982942
2023-02-24,6.340290173,6.3601338373933025
2023-02-27,6.340211613,6.356522567001692
2023-02-28,6.340185426,6.341174229808961
2023-03-01,6.34021308,6.337900729758707
2023-03-02,6.340240735,6.363286376522972
2023-03-03,6.340268389,6.325240727117136
2023-03-06,6.340403726,6.338632490125441
2023-03-07,6.340457567,6.298559854648651
2023-03-08,6.340475677,6.334995165664619
2023-03-09,6.340493787,6.3334242363436095
2023-03-10,6.340511896,6.284660718798225
2023-03-13,6.340404702,6.3638034062949
2023-03-14,6.302104211,6.290979032463589
2023-03-15,6.263734853,6.287933200767746
2023-03-16,6.225365494,6.252095543129484
2023-03-17,6.186996136,6.1932616160068745
2023-03-20,6.071995255,6.1415810420589265
2023-03-21,6.033661628,6.008926979882047
2023-03-22,5.995232038,5.985835183299372
2023-03-23,5.956802447,5.937313467060097
2023-03-24,5.956637617,5.920420735496838
2023-03-27,5.956349728,5.935178908660703
2023-03-28,5.956253765,5.9284228686732865
2023-03-29,5.956242269,5.928215453442336
2023-03-30,5.956230772,5.956411376975959
2023-03-31,5.956219276,5.962419622677121
2023-04-03,5.956472675,5.949309821996034
2023-04-04,5.956557141,5.943354956078265
2023-04-05,5.956676583,5.945767810471378
2023-04-06,5.956796026,5.975869162566658
2023-04-07,5.956915468,5.93656203500804
2023-04-10,5.957020395,5.9518630850601655
2023-04-11,5.957055371,5.936624598042442
2023-04-12,5.854537458,5.936483965855036
2023-04-13,5.752019546,5.791780235982292
2023-04-14,5.649501633,5.680064810044578
2023-04-17,5.341842967,5.582465193736835
2023-04-18,5.239290078,5.15813842526761
2023-04-19,5.136784351,5.114280872714114
2023-04-20,5.034278624,5.042924864663234
2023-04-21,4.931772896,5.001024865768803
2023-04-24,4.93191438,4.891095017346243
2023-04-25,4.931961541,4.8920437747964804
2023-04-26,4.931923221,4.942938528251553
2023-04-27,4.9318849,4.943304140220529
2023-04-28,4.931846579,4.902255665490069
2023-05-01,4.931590132,4.916390514614163
2023-05-02,4.93150465,4.953199931232628
2023-05-03,4.931418172,4.929962918024288
2023-05-04,4.931331694,4.947628245132096
2023-05-05,4.931245216,4.93707060454274
2023-05-08,4.931242229,4.9378973326909374
2023-05-09,4.931241233,4.93913392163476
2023-05-10,4.932816576,4.939822142901419
2023-05-11,4.934391919,4.953183136073552
2023-05-12,4.935967262,4.938574837607195
2023-05-15,4.940696278,4.919724915339228
2023-05-16,4.942272617,4.891826239583342
2023-05-17,4.943858337,4.928036633983489
2023-05-18,4.945444058,4.9382569032000285
2023-05-19,4.947029778,4.933106294193012
2023-05-22,4.947057923,4.934641925685837
2023-05-23,4.947067304,4.966958207126716
2023-05-24,4.947027673,4.92933350520511
2023-05-25,4.946988041,4.953403099084621
2023-05-26,4.94694841,4.939299011926212
2023-05-29,4.94680137,4.939229449945894
2023-05-30,4.946752357,4.919886394260268
2023-05-31,4.946703343,4.97042947733289
2023-06-01,4.946570021,4.964117727773761
2023-06-02,4.946436698,4.958965787978454
2023-06-05,4.946183769,4.935339354343044
2023-06-06,4.946099459,4.958031550909732
2023-06-07,4.945998335,4.965302004810068
2023-06-08,4.94589721,4.953476607964366
2023-06-09,4.945796086,4.940094152772308
2023-06-12,4.945661333,4.9181109065929
2023-06-13,4.863481223,4.933434289633143
2023-06-14,4.781355765,4.828573096404199
2023-06-15,4.699230307,4.73099936965267
2023-06-16,4.617104849,4.670792846517253
2023-06-19,4.370778919,4.556434478058029
2023-06-20,4.288670275,4.1772684033322545
2023-06-21,4.206561632,4.188036728526607
2023-06-22,4.124476433,4.139301416863827
2023-06-23,4.124554529,4.0580056769558634
2023-06-26,4.124624865,4.092465993051438
2023-06-27,4.12464831,4.11495041328804
2023-06-28,4.124734675,4.111279383077182
2023-06-29,4.124821041,4.102920537328802
2023-06-30,4.124907407,4.11701199868149
2023-07-03,4.125119613,4.094266301243358
2023-07-04,4.125182534,4.120382820455878
2023-07-05,4.125245454,4.10941171581427
2023-07-06,4.125289049,4.122243575760762
2023-07-07,4.125332644,4.138997427244648
2023-07-10,4.125274667,4.105138197694733
2023-07-11,4.125255341,4.126169014834483
2023-07-12,4.01867223,4.127643437288933
2023-07-13,3.912089119,3.97387312476299
2023-07-14,3.805506008,3.849832075601163
2023-07-17,3.485795327,3.7486312231742898
2023-07-18,3.379231542,3.290580819907437
2023-07-19,3.272708845,3.2668613673078046
2023-07-20,3.166186149,3.178898366074692
2023-07-21,3.059663452,3.111732994061748
2023-07-24,3.059786718,2.984527965603528
2023-07-25,3.059827807,3.0268316095305345
2023-07-26,3.059851912,3.060247704103373
2023-07-27,3.059876017,3.0871378091214012
2023-07-28,3.059900122,3.0404269952775085
2023-07-31,3.059849171,3.0274608920911876
2023-08-01,3.059832188,3.086873557401848
2023-08-02,3.059879948,3.056304204353206
2023-08-03,3.059927707,3.079136096488587
2023-08-04,3.059975467,3.0304189882483175
2023-08-07,3.060169697,3.05715546914559
2023-08-08,3.060234441,3.0699954578963036
2023-08-09,3.060325818,3.1167196843908993
2023-08-10,3.082524681,3.0662080670496286
2023-08-11,3.104723545,3.104593645395728
2023-08-14,3.171125906,3.106095497133039
2023-08-15,3.193260026,3.198273523105321
2023-08-16,3.215433727,3.2062406958294085
2023-08-17,3.237607428,3.235586928833281
2023-08-18,3.259781128,3.2867126358109457
2023-08-21,3.282007356,3.274437738956079
2023-08-22,3.282046937,3.292152031389571
2023-08-23,3.282043806,3.2506240843455765
2023-08-24,3.282040676,3.2834580497248647
2023-08-25,3.282037546,3.268491769879573
2023-08-28,3.281909415,3.3020444638262987
2023-08-29,3.281866705,3.2821834832904564
2023-08-30,3.281756118,3.2916420790124103
2023-08-31,3.281645531,3.262623987785036
2023-09-01,3.281534944,3.2660663370951273
2023-09-04,3.281331314,3.275617039363217
2023-09-05,3.281263437,3.275514568836956
2023-09-06,3.28119556,3.2937861530393238
2023-09-07,3.281137983,3.259704792507077
2023-09-08,3.281080405,3.292842427164332
2023-09-11,3.281111303,3.2714989598201605
2023-09-12,3.281121602,3.2775776222664037
2023-09-13,3.325024844,3.2782277022378206
2023-09-14,3.368928086,3.332470406351586
2023-09-15,3.412831327,3.337175999923111
2023-09-18,3.544520454,3.438925344440317
2023-09-19,3.588413397,3.611103494511111
2023-09-20,3.632277807,3.624742026182617
2023-09-21,3.676142218,3.6482935303594077
2023-09-22,3.720006628,3.7330976320342315
2023-09-25,3.719921032,3.7421399649051086
2023-09-26,3.719892501,3.743047444962708
2023-09-27,3.719840435,3.710254144989508
2023-09-28,3.719788369,3.6982601500438403
2023-09-29,3.719736303,3.711298926915488
2023-10-02,3.719665702,3.7155039140222375
2023-10-03,3.719642168,3.719505651686684
2023-10-04,3.719626492,3.7156820381976763
2023-10-05,3.719610817,3.729861614081677
2023-10-06,3.719595141,3.711468646235183
2023-10-09,3.719618716,3.7177493050000567
2023-10-10,3.719626574,3.7082079595484876
2023-10-11,3.719634433,3.70014527063374
2023-10-12,3.717208493,3.6964501506882654
2023-10-13,3.714782554,3.7055158901169154
2023-10-16,3.70748116,3.711228057571344
2023-10-17,3.705047362,3.6664069237690775
2023-10-18,3.702688152,3.7104592703797876
2023-10-19,3.700328941,3.6781785402860145
2023-10-20,3.697969731,3.6979790234571888
2023-10-23,3.695759695,3.6913522446762275
2023-10-24,3.695834282,3.715683074136179
2023-10-25,3.695878414,3.691792710590954
2023-10-26,3.695922546,3.6761512756777845
2023-10-27,3.695966679,3.6895548108581853
2023-10-30,3.695875313,3.665662402245361
2023-10-31,3.695844858,3.713959034032709
2023-11-01,3.695703966,3.672715537595405
2023-11-02,3.695563075,3.678495893638131
2023-11-03,3.695422184,3.6912905876406605
2023-11-06,3.695090876,3.6904313562693543
2023-11-07,3.69498044,3.698071549708822
2023-11-08,3.694870004,3.6990945039570478
2023-11-09,3.694759568,3.69954230886883
2023-11-10,3.694649132,3.701141372615032
2023-11-13,3.694649132,3.6984784460192945
2023-11-14,3.649794649,3.6911678073884584
2023-11-15,3.604901556,3.6228675944069244
2023-11-16,3.560008463,3.5494953479672513
2023-11-17,3.51511537,3.5378765791314066
2023-11-20,3.380436091,3.4474267568813297
2023-11-21,3.335542998,3.3175992386493713
2023-11-22,3.290534212,3.2938470974520473
2023-11-23,3.245525426,3.2607425317944307
2023-11-24,3.245371123,3.209115004812124
2023-11-27,3.245024045,3.224725744902576
2023-11-28,3.244908352,3.229125037968548
2023-11-29,3.244792659,3.261757325517255
2023-11-30,3.244676967,3.2287234372970666
2023-12-01,3.244561274,3.2348777561026747
2023-12-04,3.244561274,3.2371941693734967
2023-12-05,3.244561274,3.2524427831744624
2023-12-06,3.24456717,3.2309882200538653
2023-12-07,3.244573066,3.256715580357774
2023-12-08,3.244578962,3.2329596194356163
2023-12-11,3.24459665,3.238763494405881
2023-12-12,3.23393436,3.2638105627585663
2023-12-13,3.223287532,3.2224647283548866
2023-12-14,3.212640705,3.2096244807465006
2023-12-15,3.201993877,3.192729272414138
2023-12-18,3.170035707,3.1960884100248235
2023-12-19,3.159382983,3.154673369683028
2023-12-20,3.148698578,3.1731834140069783
2023-12-21,3.138014172,3.148813111479245
2023-12-22,3.137997953,3.121087919830689
2023-12-25,3.137902908,3.150967673573692
2023-12-26,3.137871226,3.1519181781203245
2023-12-27,3.137839544,3.1528828385171623
2023-12-28,3.137821756,3.1341100115719223
2023-12-29,3.137803969,3.1025290114056614
2024-01-01,3.137845652,3.1347273160369755
2024-01-02,3.137859546,3.148382379110925
2024-01-03,3.137873441,3.1327585819652843
2024-01-04,3.137928091,3.117321499536495
2024-01-05,3.137982742,3.1288216271152844
2024-01-08,3.138118905,3.1447981752082
2024-01-09,3.138159662,3.1087114778969327
2024-01-10,3.138238456,3.099458710308839
2024-01-11,3.156551708,3.134168899268111
2024-01-12,3.174864959,3.1458733634183638
2024-01-15,3.2297232,3.1860685336784647
2024-01-16,3.247995695,3.243819181006123
2024-01-17,3.266268189,3.275712175811474
2024-01-18,3.284637403,3.2893779720572685
2024-01-19,3.303006618,3.2837669786400987
2024-01-22,3.321531232,3.31210733342656
2024-01-23,3.321627951,3.3325894960008173
2024-01-24,3.321716826,3.3174653854234113
2024-01-25,3.3218057,3.3186288293242754
2024-01-26,3.321894575,3.322705967229677
2024-01-29,3.321967761,3.3044481337526483
2024-01-30,3.321959917,3.347156493422764
2024-01-31,3.322099903,3.338666091284733
2024-02-01,3.322239889,3.3239762741812386
2024-02-02,3.322379875,3.3036806305788606
2024-02-05,3.322823366,3.299863534967363
2024-02-06,3.322971196,3.343141337610002
2024-02-07,3.323040863,3.3334414446816973
2024-02-08,3.323110531,3.3225234111233024
2024-02-09,3.301754437,3.315189244385432
2024-02-12,3.237242664,3.3060225620315347
2024-02-13,3.215738739,3.2012533139620523
2024-02-14,3.194232531,3.1959706863669375
2024-02-15,3.172726323,3.1985294490366685
2024-02-16,3.151220115,3.1277901877183854
2024-02-19,3.108361742,3.1434715929838544
2024-02-20,3.108359458,3.093738542253347
2024-02-21,3.108357175,3.082536476360446
2024-02-22,3.108401469,3.073228113652866
2024-02-23,3.108445763,3.0767274718265383
2024-02-26,3.108585497,3.1431095816002323
2024-02-27,3.108632075,3.11610510625688
2024-02-28,3.108638576,3.103537195438636
2024-02-29,3.108645077,3.1056063612358575
2024-03-01,3.108651578,3.1025493650832243
2024-03-04,3.108577925,3.076084698001862
2024-03-05,3.108537848,3.0921917378936516
2024-03-06,3.10854375,3.110922282073398
2024-03-07,3.108549652,3.0996153764656165
2024-03-08,3.108555555,3.1154138219019027
2024-03-11,3.108693492,3.1062143446541475
2024-03-12,3.114587333,3.086672782730863
2024-03-13,3.120467474,3.1155783758965367
2024-03-14,3.126347614,3.1295144113796263
2024-03-15,3.132227755,3.1279233912514246
2024-03-18,3.14973024,3.138025189870256
2024-03-19,3.155564401,3.1440634802499066
2024-03-20,3.161371895,3.1721503034685172
2024-03-21,3.16717939,3.1771114397292677
2024-03-22,3.167139022,3.160620422634275
2024-03-25,3.16705902,3.162313281453186
2024-03-26,3.167032353,3.175890503962257
2024-03-27,3.16705025,3.1725707297312358
2024-03-28,3.167068147,3.1589984108295175
2024-03-29,3.167086045,3.146427381405917
2024-04-01,3.167219739,3.127524084647572
2024-04-02,3.167264304,3.184927201232751
2024-04-03,3.16730202,3.174286127397172
2024-04-04,3.167339736,3.1599995703035075
2024-04-05,3.167377452,3.15859842756756
2024-04-08,3.167356904,3.180343429342573
2024-04-09,3.167350055,3.1657038470441834
2024-04-10,3.197617834,3.1666897777074565
2024-04-11,3.227885614,3.1643490290425573
2024-04-12,3.258153393,3.226684986439221
2024-04-15,3.348977278,3.278474288227847
2024-04-16,3.379251906,3.405075940530584
2024-04-17,3.409519434,3.4179848131928994
2024-04-18,3.439786962,3.4425358275533995
2024-04-19,3.47005449,3.4806167886604245
2024-04-22,3.470033188,3.507667971765365
2024-04-23,3.470026087,3.494241930821609
2024-04-24,3.46997127,3.515169886285065
2024-04-25,3.469916452,3.4763835400923604
2024-04-26,3.469861634,3.4462596982290683
2024-04-29,3.469718483,3.439922573729044
2024-04-30,3.469670765,3.468941991812534
2024-05-01,3.469632491,3.444493587944162
2024-05-02,3.469594217,3.4326823431801974
2024-05-03,3.469555943,3.472279395602786
2024-05-06,3.469584272,3.4716024126190677
2024-05-07,3.469593715,3.450806413140131
2024-05-08,3.469521803,3.4413418816122787
2024-05-09,3.469449891,3.4677735999712325
2024-05-10,3.469377979,3.48178892284425
2024-05-13,3.469133915,3.44553034324652
2024-05-14,3.46905256,3.4980721410190205
2024-05-15,3.457481189,3.4859668068949468
2024-05-16,3.445909817,3.445570726652268
2024-05-17,3.434338446,3.435424872827179
2024-05-20,3.399868397,3.397908158848644
2024-05-21,3.38837838,3.3763839127793167
2024-05-22,3.376864497,3.385207954349279
2024-05-23,3.365350614,3.375842877263386
2024-05-24,3.35383673,3.3522767598271606
2024-05-27,3.35376513,3.3489770563988857
2024-05-28,3.353741263,3.3796814339767516
2024-05-29,3.353717396,3.343579932699924
2024-05-30,3.353611013,3.3474789714023734
2024-05-31,3.353504629,3.307426948711309
2024-06-03,3.353257081,3.351961568181605
2024-06-04,3.353174564,3.332284216233487
2024-06-05,3.353116731,3.339908408355728
2024-06-06,3.353058897,3.367761850228834
2024-06-07,3.353001064,3.353958987748433
2024-06-10,3.352992596,3.342205396437246
2024-06-11,3.353017279,3.3729397371610124
2024-06-12,3.341532175,3.350887331793009
2024-06-13,3.33004707,3.332354660854107
2024-06-14,3.318561965,3.3240882730952657
2024-06-17,3.284032602,3.32901934286249
2024-06-18,3.272522815,3.2497672881146857
2024-06-19,3.261013027,3.2290544334393942
2024-06-20,3.249525964,3.2496609642294154
2024-06-21,3.238038901,3.269620278719851
2024-06-24,3.238107075,3.1997005781535393
2024-06-25,3.238129799,3.2579907810328357
2024-06-26,3.238230896,3.2204911221137342
2024-06-27,3.238331992,3.2226010032698915
2024-06-28,3.238433088,3.2059840525203898
2024-07-01,3.238690928,3.2078578458215636
2024-07-02,3.2387693,3.252506730155417
2024-07-03,3.238860473,3.231790816979112
2024-07-04,3.238951646,3.215773098610607
2024-07-05,3.239042819,3.232366695901822
2024-07-08,3.239081223,3.2540655598677746
2024-07-09,3.239094024,3.261185135083044
2024-07-10,3.239106826,3.254296695307323
2024-07-11,3.212241527,3.2544961469410016
2024-07-12,3.185376229,3.220032524555855
2024-07-15,3.10474193,3.199106644272346
2024-07-16,3.07786383,3.0319960885242296
2024-07-17,3.050996396,3.0546712186506277
2024-07-18,3.024128961,3.0586201655737018
2024-07-19,2.997261527,3.0120081315380824
2024-07-22,2.970415423,2.976046272719312
2024-07-23,2.970426088,2.9609185182392674
2024-07-24,2.970482433,2.9269491006110178
2024-07-25,2.970538777,2.9759864549538486
2024-07-26,2.970595122,2.987933154408068
2024-07-29,2.97073216,2.970991784734026
2024-07-30,2.97077784,2.9837859416074757
2024-07-31,2.970759123,2.96824076203718
2024-08-01,2.970740407,2.9756808462236064
2024-08-02,2.97072169,2.94497719931847
2024-08-05,2.970528503,2.9505345356920043
2024-08-06,2.970464107,2.9852497163599887
2024-08-07,2.970396977,2.9776244402081073
2024-08-08,2.970329847,3.0049899008229928
2024-08-09,2.970262717,2.9780822292374007
2024-08-12,2.970254514,2.946934830034336
2024-08-13,2.97025178,2.9689644374850563
2024-08-14,2.967045962,2.976723698139836
2024-08-15,2.963840144,2.9694838247188255
2024-08-16,2.960634325,2.9424024297555182
2024-08-19,2.951025073,2.971459463089686
2024-08-20,2.947821989,2.9010935236937643
2024-08-21,2.944618553,2.9230558493326195
2024-08-22,2.941415117,2.9426620345282437
2024-08-23,2.938211681,2.951010592774068
2024-08-26,2.938210625,2.9377973770236046
2024-08-27,2.938210274,2.919588663495221
2024-08-28,2.938116282,2.9175070920989223
2024-08-29,2.938022291,2.9424792440008547
2024-08-30,2.9379283,2.932982231039838
2024-09-02,2.937647381,2.917841527177333
2024-09-03,2.937553742,2.9692711260250246
2024-09-04,2.937460102,2.946428698360765
2024-09-05,2.937398153,2.951326308833191
2024-09-06,2.937336204,2.8788076873483073
2024-09-09,2.937431274,2.9346174889125103
2024-09-10,2.937462964,2.933375433788302
2024-09-11,2.904622248,2.940374056027026
2024-09-12,2.871781531,2.9153031876077646
2024-09-13,2.838940814,2.847478059802142
2024-09-16,2.740355284,2.756752267169773
2024-09-17,2.707482877,2.67547777305963
2024-09-18,2.674687354,2.677309560016444
2024-09-19,2.641891831,2.6691658395581164
2024-09-20,2.609096308,2.6208176396006237
2024-09-23,2.60932696,2.5655695768446414
2024-09-24,2.609403845,2.592390165015743
2024-09-25,2.609543852,2.614309251564908
2024-09-26,2.609683859,2.5802158352648794
2024-09-27,2.609823867,2.61955740782682
2024-09-30,2.610013237,2.609423243637786
2024-10-01,2.610076361,2.6365358733494038
2024-10-02,2.610075848,2.5771610220564374
2024-10-03,2.610075336,2.6607751142938074
2024-10-04,2.610074824,2.6445254804638982
2024-10-07,2.609883917,2.611084052138918
2024-10-08,2.609820281,2.612695013940804
2024-10-09,2.609815858,2.604608246931929
2024-10-10,2.591974178,2.619368046419981
2024-10-11,2.574132499,2.5650700017853336
2024-10-14,2.520798367,2.564346884467688
2024-10-15,2.503020323,2.4912042936933543
2024-10-16,2.485242279,2.4496490602223155
2024-10-17,2.467569982,2.469809500898466
2024-10-18,2.449897685,2.4594525538562704
2024-10-21,2.432377667,2.4310584732611447
2024-10-22,2.432483414,2.4089944124234486
2024-10-23,2.432455508,2.4300527923202515
2024-10-24,2.432427603,2.410469102558443
2024-10-25,2.432399697,2.4145459399720783
2024-10-28,2.432104488,2.4241532398998555
2024-10-29,2.431970836,2.436002395097654
2024-10-30,2.431963088,2.4331318978533747
2024-10-31,2.43195534,2.415921670059373
2024-11-01,2.431947593,2.4292122039029524
2024-11-04,2.432325306,2.438830795669578
2024-11-05,2.43245121,2.4207294273448015
2024-11-06,2.432543923,2.428274003326687
2024-11-07,2.432636636,2.4099011668839085
2024-11-08,2.432729349,2.446039923722806
2024-11-11,2.432629775,2.459395810335869
2024-11-12,2.432596584,2.4318861979160915
2024-11-13,2.446449596,2.446287963274455
2024-11-14,2.460304717,2.4582459457385815
2024-11-15,2.474159839,2.488702087553531
2024-11-18,2.515824777,2.4683861296279686
2024-11-19,2.52971309,2.5471287914950054
2024-11-20,2.543589727,2.5320818644381404
2024-11-21,2.557466365,2.5816827393224195
2024-11-22,2.571343003,2.562212725330476
2024-11-25,2.571310087,2.5915665773347936
2024-11-26,2.571298412,2.579454910093105
2024-11-27,2.571246284,2.5726416987787704
2024-11-28,2.571194157,2.5933469064418397
2024-11-29,2.57114203,2.5546609487338143
2024-12-02,2.571020672,2.5500769044851466
2024-12-03,2.57098022,2.593822262718211
2024-12-04,2.570939767,2.5707979234354066
2024-12-05,2.570899315,2.5866471526313113
2024-12-06,2.570858862,2.5608334963477866
2024-12-09,2.570858862,2.5592689311535985
2024-12-10,2.570858862,2.548643553100947
2024-12-11,2.58508105,2.537275842362387
2024-12-12,2.599303237,2.595971364367214
2024-12-13,2.613525424,2.6296008836960296
2024-12-16,2.656191985,2.620414317573401
2024-12-17,2.670414172,2.6792302208276633
2024-12-18,2.684751838,2.6964287574903083
2024-12-19,2.699089505,2.722931650089287
2024-12-20,2.713427172,2.670851535226752
2024-12-23,2.713773611,2.7076174472772934
2024-12-24,2.71388909,2.718243543247973
2024-12-25,2.71400457,2.7156467248513745
2024-12-26,2.71412005,2.7029708134652575
2024-12-27,2.714221992,2.7189152815630724
2024-12-30,2.714181382,2.7130863258485585
2024-12-31,2.714167845,2.731252161229303
2025-01-01,2.714154308,2.689093969464609
2025-01-02,2.714178027,2.722710794884872
2025-01-03,2.714201746,2.707823683191384
2025-01-06,2.71428644,2.696330296206024
2025-01-07,2.714323696,2.716868724127575
2025-01-08,2.714356993,2.721195736022836
2025-01-09,2.714390289,2.6761569785092174
2025-01-10,2.714423586,2.6908738542608472
2025-01-13,2.714448964,2.738558795130897
2025-01-14,2.714445005,2.7372721198522445
2025-01-15,2.730260833,2.7257565178882146
2025-01-16,2.746076661,2.7226919098800835
2025-01-17,2.761892488,2.7828145733548126
2025-01-20,2.809351849,2.761702413207782
2025-01-21,2.825171636,2.8309605686893775
2025-01-22,2.840991422,2.8510771426547077
2025-01-23,2.856948999,2.8359764565432433
2025-01-24,2.872906576,2.858146218735891
2025-01-27,2.873319945,2.8782148233124336
2025-01-28,2.873457735,2.863900759283637
2025-01-29,2.873494299,2.8407161906412903
2025-01-30,2.873530863,2.857063883380915
2025-01-31,2.873567427,2.8931933962253025
2025-02-03,2.87340154,2.844785348833449
2025-02-04,2.873300314,2.8421776640781666
2025-02-05,2.873199879,2.8746917850360942
2025-02-06,2.873099444,2.8729613073895446
2025-02-07,2.872999009,2.8618247674968478
2025-02-10,2.873001381,2.882015300491589
2025-02-11,2.873002171,2.8802729066752115
2025-02-12,2.885653956,2.902149423610846
2025-02-13,2.89830574,2.8812504135968195
2025-02-14,2.910957525,2.900361609889979
2025-02-17,2.948910507,2.8877527202216737
2025-02-18,2.9615615,2.9834077628441156
2025-02-19,2.974212494,2.9815643027161407
2025-02-20,2.986875301,3.0066829623899047
2025-02-21,2.999538108,3.008905926138342
2025-02-24,2.999573547,3.011292963313527
2025-02-25,2.99958536,3.0277678374355204
2025-02-26,2.999560983,3.005209013143627
2025-02-27,2.999536605,2.945890706411848
2025-02-28,2.999512227,3.000417754543235
