,predicted,actual
2020-01-01,2.108507568380716,
2020-01-02,2.108507568380716,
2020-01-03,2.108507568380716,
2020-01-04,2.108507568380716,
2020-01-05,2.108507568380716,
2020-01-06,2.161663380139515,
2020-01-07,2.161663380139515,
2020-01-08,2.163764472880914,
2020-01-09,2.163764472880914,
2020-01-10,2.163764472880914,
2020-01-11,2.163764472880914,
2020-01-12,2.163764472880914,
2020-01-13,2.1848812772310997,
2020-01-14,2.4240440136156756,2.3195274699624555
2020-01-15,2.4198831938562284,
2020-01-16,2.4198831938562284,
2020-01-17,2.4198831938562284,
2020-01-18,2.4198831938562284,
2020-01-19,2.4198831938562284,
2020-01-20,2.4198831938562284,
2020-01-21,2.4096380512510884,
2020-01-22,2.4096380512510884,
2020-01-23,2.4082653884622434,
2020-01-24,2.4082653884622434,
2020-01-25,2.4082653884622434,
2020-01-26,2.4082653884622434,
2020-01-27,2.3883632072547467,
2020-01-28,2.3883632072547467,
2020-01-29,2.38390979119574,
2020-01-30,2.3832173150401945,
2020-01-31,2.357211771914208,
2020-02-01,2.357211771914208,
2020-02-02,2.357211771914208,
2020-02-03,2.3375654258588794,
2020-02-04,2.3375654258588794,
2020-02-05,2.335801411515375,
2020-02-06,2.335801411515375,
2020-02-07,2.335801411515375,
2020-02-08,2.335801411515375,
2020-02-09,2.335801411515375,
2020-02-10,2.30916870444792,
2020-02-11,2.5627229633559434,2.599767976845199
2020-02-12,2.560940640750822,
2020-02-13,2.560940640750822,
2020-02-14,2.560940640750822,
2020-02-15,2.560940640750822,
2020-02-16,2.560940640750822,
2020-02-17,2.560940640750822,
2020-02-18,2.527794725103154,
2020-02-19,2.527794725103154,
2020-02-20,2.5265473625835497,
2020-02-21,2.5265473625835497,
2020-02-22,2.5265473625835497,
2020-02-23,2.5265473625835497,
2020-02-24,2.50740608885187,
2020-02-25,2.50740608885187,
2020-02-26,2.5089105371853715,
2020-02-27,2.5089105371853715,
2020-02-28,2.497051778963422,
2020-02-29,2.497051778963422,
2020-03-01,2.497051778963422,
2020-03-02,2.4760823471353053,
2020-03-03,2.4760823471353053,
2020-03-04,2.471831175894889,
2020-03-05,2.471831175894889,
2020-03-06,2.471831175894889,
2020-03-07,2.471831175894889,
2020-03-08,2.471831175894889,
2020-03-09,2.430014057296951,
2020-03-10,2.430014057296951,
2020-03-11,2.380049638524793,2.341316679759517
2020-03-12,2.380049638524793,
2020-03-13,2.380049638524793,
2020-03-14,2.380049638524793,
2020-03-15,2.380049638524793,
2020-03-16,2.3258502716525227,
2020-03-17,2.3258502716525227,
2020-03-18,2.3116629936261446,
2020-03-19,2.3116629936261446,
2020-03-20,2.3116629936261446,
2020-03-21,2.3116629936261446,
2020-03-22,2.3116629936261446,
2020-03-23,2.1957299767288503,
2020-03-24,2.1957299767288503,
2020-03-25,2.1864431864343254,
2020-03-26,2.1864431864343254,
2020-03-27,2.1756797951634965,
2020-03-28,2.1756797951634965,
2020-03-29,2.1756797951634965,
2020-03-30,2.0570495670116706,
2020-03-31,2.0570495670116706,
2020-04-01,2.0384041139185918,
2020-04-02,2.0384041139185918,
2020-04-03,2.0384041139185918,
2020-04-04,2.0384041139185918,
2020-04-05,2.0384041139185918,
2020-04-06,1.9282596278541386,
2020-04-07,1.9282596278541386,
2020-04-08,1.947798878478113,
2020-04-09,1.947798878478113,
2020-04-10,1.3341760134522538,1.494039964290925
2020-04-11,1.3341760134522538,
2020-04-12,1.3341760134522538,
2020-04-13,1.2514576446005603,
2020-04-14,1.2514576446005603,
2020-04-15,1.2451209921909787,
2020-04-16,1.2451209921909787,
2020-04-17,1.2451209921909787,
2020-04-18,1.2451209921909787,
2020-04-19,1.2451209921909787,
2020-04-20,1.1538971735179742,
2020-04-21,1.1538971735179742,
2020-04-22,1.1528833385196517,
2020-04-23,1.1528833385196517,
2020-04-24,1.1528833385196517,
2020-04-25,1.1528833385196517,
2020-04-26,1.1528833385196517,
2020-04-27,1.116386415423986,
2020-04-28,1.116386415423986,
2020-04-29,1.10452483264089,
2020-04-30,1.270145099539347,
2020-05-01,1.270145099539347,
2020-05-02,1.270145099539347,
2020-05-03,1.270145099539347,
2020-05-04,1.2189486305002268,
2020-05-05,1.2189486305002268,
2020-05-06,1.2486319897434122,
2020-05-07,1.2486319897434122,
2020-05-08,1.2486319897434122,
2020-05-09,1.2486319897434122,
2020-05-10,1.2486319897434122,
2020-05-11,1.2561124172340874,
2020-05-12,0.35031690324406645,0.3130472940411225
2020-05-13,0.37130038100911616,
2020-05-14,0.37130038100911616,
2020-05-15,0.37130038100911616,
2020-05-16,0.37130038100911616,
2020-05-17,0.37130038100911616,
2020-05-18,0.43198301174439935,
2020-05-19,0.43198301174439935,
2020-05-20,0.45878796240252173,
2020-05-21,0.45878796240252173,
2020-05-22,0.45878796240252173,
2020-05-23,0.45878796240252173,
2020-05-24,0.45878796240252173,
2020-05-25,0.45878796240252173,
2020-05-26,0.48501997340114233,
2020-05-27,0.48501997340114233,
2020-05-28,0.4758107584584666,
2020-05-29,0.6661405190172266,
2020-05-30,0.6661405190172266,
2020-05-31,0.6661405190172266,
2020-06-01,0.7383080095100704,
2020-06-02,0.7383080095100704,
2020-06-03,0.7446028722489154,
2020-06-04,0.7446028722489154,
2020-06-05,0.7446028722489154,
2020-06-06,0.7446028722489154,
2020-06-07,0.7446028722489154,
2020-06-08,0.7614522650203893,
2020-06-09,0.7614522650203893,
2020-06-10,0.24890239166923656,0.1982013035848584
2020-06-11,0.24890239166923656,
2020-06-12,0.24890239166923656,
2020-06-13,0.24890239166923656,
2020-06-14,0.24890239166923656,
2020-06-15,0.32742649431857773,
2020-06-16,0.32742649431857773,
2020-06-17,0.3393111077119791,
2020-06-18,0.3393111077119791,
2020-06-19,0.3393111077119791,
2020-06-20,0.3393111077119791,
2020-06-21,0.3393111077119791,
2020-06-22,0.4109928122087287,
2020-06-23,0.4109928122087287,
2020-06-24,0.4022816187819036,
2020-06-25,0.4022816187819036,
2020-06-26,0.39752721331736107,
2020-06-27,0.39752721331736107,
2020-06-28,0.39752721331736107,
2020-06-29,0.4255193420484916,
2020-06-30,0.4255193420484916,
2020-07-01,0.41537641325102853,
2020-07-02,0.41537641325102853,
2020-07-03,0.41537641325102853,
2020-07-04,0.41537641325102853,
2020-07-05,0.41537641325102853,
2020-07-06,0.4139270257908108,
2020-07-07,0.4139270257908108,
2020-07-08,0.4092425133516073,
2020-07-09,0.4092425133516073,
2020-07-10,0.4092425133516073,
2020-07-11,0.4092425133516073,
2020-07-12,0.4092425133516073,
2020-07-13,0.396222487477809,
2020-07-14,0.6504097547364931,0.7166562831830586
2020-07-15,0.638527255521808,
2020-07-16,0.638527255521808,
2020-07-17,0.638527255521808,
2020-07-18,0.638527255521808,
2020-07-19,0.638527255521808,
2020-07-20,0.6320232229538271,
2020-07-21,0.6320232229538271,
2020-07-22,0.6315923360026184,
2020-07-23,0.6315923360026184,
2020-07-24,0.6315923360026184,
2020-07-25,0.6315923360026184,
2020-07-26,0.6315923360026184,
2020-07-27,0.6402310104670283,
2020-07-28,0.6402310104670283,
2020-07-29,0.6380930065244405,
2020-07-30,0.6380930065244405,
2020-07-31,0.5900917804414464,
2020-08-01,0.5900917804414464,
2020-08-02,0.5900917804414464,
2020-08-03,0.6006021333265968,
2020-08-04,0.6006021333265968,
2020-08-05,0.6005353332741147,
2020-08-06,0.6005353332741147,
2020-08-07,0.6005353332741147,
2020-08-08,0.6005353332741147,
2020-08-09,0.6005353332741147,
2020-08-10,0.6146870568680834,
2020-08-11,0.6146870568680834,
2020-08-12,1.006710157589904,0.9968647625898088
2020-08-13,1.006710157589904,
2020-08-14,1.006710157589904,
2020-08-15,1.006710157589904,
2020-08-16,1.006710157589904,
2020-08-17,1.0330954022199252,
2020-08-18,1.0330954022199252,
2020-08-19,1.0336323107496574,
2020-08-20,1.0336323107496574,
2020-08-21,1.0336323107496574,
2020-08-22,1.0336323107496574,
2020-08-23,1.0336323107496574,
2020-08-24,1.0471122767977856,
2020-08-25,1.0471122767977856,
2020-08-26,1.0452065698966815,
2020-08-27,1.0452065698966815,
2020-08-28,0.9852234446263551,
2020-08-29,0.9852234446263551,
2020-08-30,0.9852234446263551,
2020-08-31,1.0077495626502762,
2020-09-01,1.0077495626502762,
2020-09-02,1.0091532580503346,
2020-09-03,1.0091532580503346,
2020-09-04,1.0091532580503346,
2020-09-05,1.0091532580503346,
2020-09-06,1.0091532580503346,
2020-09-07,1.0091532580503346,
2020-09-08,1.0395414873543678,
2020-09-09,1.0395414873543678,
2020-09-10,1.0365329896459194,
2020-09-11,1.3294129833608634,1.281069849552396
2020-09-12,1.3294129833608634,
2020-09-13,1.3294129833608634,
2020-09-14,1.3295785379317429,
2020-09-15,1.3295785379317429,
2020-09-16,1.324334364121244,
2020-09-17,1.324334364121244,
2020-09-18,1.324334364121244,
2020-09-19,1.324334364121244,
2020-09-20,1.324334364121244,
2020-09-21,1.3060205419456397,
2020-09-22,1.3060205419456397,
2020-09-23,1.3118582273394155,
2020-09-24,1.3118582273394155,
2020-09-25,1.3118582273394155,
2020-09-26,1.3118582273394155,
2020-09-27,1.3118582273394155,
2020-09-28,1.2494727296318946,
2020-09-29,1.2494727296318946,
2020-09-30,1.2459921928835669,
2020-10-01,1.17388221969948,
2020-10-02,1.17388221969948,
2020-10-03,1.17388221969948,
2020-10-04,1.17388221969948,
2020-10-05,1.1806410212412364,
2020-10-06,1.1806410212412364,
2020-10-07,1.178313017594905,
2020-10-08,1.178313017594905,
2020-10-09,1.178313017594905,
2020-10-10,1.178313017594905,
2020-10-11,1.178313017594905,
2020-10-12,1.178313017594905,
2020-10-13,1.3002075931847774,1.3910228912373777
2020-10-14,1.3002075931847774,
2020-10-15,1.3028520633230223,
2020-10-16,1.3028520633230223,
2020-10-17,1.3028520633230223,
2020-10-18,1.3028520633230223,
2020-10-19,1.3079457765490505,
2020-10-20,1.3079457765490505,
2020-10-21,1.3072551993623116,
2020-10-22,1.3072551993623116,
2020-10-23,1.3072551993623116,
2020-10-24,1.3072551993623116,
2020-10-25,1.3072551993623116,
2020-10-26,1.291967468809369,
2020-10-27,1.291967468809369,
2020-10-28,1.293379790668076,
2020-10-29,1.293379790668076,
2020-10-30,1.293379790668076,
2020-10-31,1.293379790668076,
2020-11-01,1.293379790668076,
2020-11-02,1.3106909346829039,
2020-11-03,1.3106909346829039,
2020-11-04,1.3099610386115703,
2020-11-05,1.3099610386115703,
2020-11-06,1.3099610386115703,
2020-11-07,1.3099610386115703,
2020-11-08,1.3099610386115703,
2020-11-09,1.2855510206143885,
2020-11-10,1.2855510206143885,
2020-11-11,1.2855510206143885,
2020-11-12,1.2302964176050453,1.2303863428671598
2020-11-13,1.2302964176050453,
2020-11-14,1.2302964176050453,
2020-11-15,1.2302964176050453,
2020-11-16,1.214815606762018,
2020-11-17,1.214815606762018,
2020-11-18,1.217530485354838,
2020-11-19,1.217530485354838,
2020-11-20,1.217530485354838,
2020-11-21,1.217530485354838,
2020-11-22,1.217530485354838,
2020-11-23,1.239142557080916,
2020-11-24,1.239142557080916,
2020-11-25,1.198789340748588,
2020-11-26,1.198789340748588,
2020-11-27,1.198789340748588,
2020-11-28,1.198789340748588,
2020-11-29,1.198789340748588,
2020-11-30,1.1998121270919369,
2020-12-01,1.1998121270919369,
2020-12-02,1.1998121270919369,
2020-12-03,1.1998121270919369,
2020-12-04,1.1998121270919369,
2020-12-05,1.1998121270919369,
2020-12-06,1.1998121270919369,
2020-12-07,1.2134559654954886,
2020-12-08,1.2134559654954886,
2020-12-09,1.2148943572546014,
2020-12-10,1.096686783244438,1.1757452138405928
2020-12-11,1.096686783244438,
2020-12-12,1.096686783244438,
2020-12-13,1.096686783244438,
2020-12-14,1.126860893769867,
2020-12-15,1.126860893769867,
2020-12-16,1.1284118819540263,
2020-12-17,1.1284118819540263,
2020-12-18,1.1284118819540263,
2020-12-19,1.1284118819540263,
2020-12-20,1.1284118819540263,
2020-12-21,1.1429464141031749,
2020-12-22,1.1429464141031749,
2020-12-23,1.1621770875104196,
2020-12-24,1.1621770875104196,
2020-12-25,1.1621770875104196,
2020-12-26,1.1621770875104196,
2020-12-27,1.1621770875104196,
2020-12-28,1.2050944837678188,
2020-12-29,1.2050944837678188,
2020-12-30,1.2106162041195252,
2020-12-31,1.2106162041195252,
2021-01-01,1.2106162041195252,
2021-01-02,1.2106162041195252,
2021-01-03,1.2106162041195252,
2021-01-04,1.2014401660331566,
2021-01-05,1.2014401660331566,
2021-01-06,1.19823484582971,
2021-01-07,1.19823484582971,
2021-01-08,1.19823484582971,
2021-01-09,1.19823484582971,
2021-01-10,1.19823484582971,
2021-01-11,1.1981704660379036,
2021-01-12,1.1981704660379036,
2021-01-13,1.2938357403601464,1.3204191315779377
2021-01-14,1.2938357403601464,
2021-01-15,1.2938357403601464,
2021-01-16,1.2938357403601464,
2021-01-17,1.2938357403601464,
2021-01-18,1.2938357403601464,
2021-01-19,1.3383661054973017,
2021-01-20,1.3383661054973017,
2021-01-21,1.3383661054973017,
2021-01-22,1.339053068543972,
2021-01-23,1.339053068543972,
2021-01-24,1.339053068543972,
2021-01-25,1.3922944543594065,
2021-01-26,1.3922944543594065,
2021-01-27,1.3871819829441479,
2021-01-28,1.393894804827756,
2021-01-29,1.3022119417531777,
2021-01-30,1.3022119417531777,
2021-01-31,1.3022119417531777,
2021-02-01,1.3262318293019455,
2021-02-02,1.3262318293019455,
2021-02-03,1.3246049805960458,
2021-02-04,1.3246049805960458,
2021-02-05,1.3246049805960458,
2021-02-06,1.3246049805960458,
2021-02-07,1.3246049805960458,
2021-02-08,1.3566081030452755,1.355319978234611
2021-02-09,1.3566081030452755,
2021-02-10,1.3584915364155603,
2021-02-11,1.3584915364155603,
2021-02-12,1.3584915364155603,
2021-02-13,1.3584915364155603,
2021-02-14,1.3584915364155603,
2021-02-15,1.3584915364155603,
2021-02-16,1.407398375481277,
2021-02-17,1.407398375481277,
2021-02-18,1.4092592326155815,
2021-02-19,1.4092592326155815,
2021-02-20,1.4092592326155815,
2021-02-21,1.4092592326155815,
2021-02-22,1.42605747639972,
2021-02-23,1.42605747639972,
2021-02-24,1.4266241954120065,
2021-02-25,1.4266241954120065,
2021-02-26,1.3968513066806802,
2021-02-27,1.3968513066806802,
2021-02-28,1.3968513066806802,
2021-03-01,1.4454537278461992,
2021-03-02,1.4454537278461992,
2021-03-03,1.4466184970892597,
2021-03-04,1.4466184970892597,
2021-03-05,1.4466184970892597,
2021-03-06,1.4466184970892597,
2021-03-07,1.4466184970892597,
2021-03-08,1.5099503428361485,
2021-03-09,1.5099503428361485,
2021-03-10,1.6294113281537987,1.6675024108003775
2021-03-11,1.6294113281537987,
2021-03-12,1.6294113281537987,
2021-03-13,1.6294113281537987,
2021-03-14,1.6294113281537987,
2021-03-15,1.6861304690247467,
2021-03-16,1.6861304690247467,
2021-03-17,1.6883860171320115,
2021-03-18,1.6883860171320115,
2021-03-19,1.6883860171320115,
2021-03-20,1.6883860171320115,
2021-03-21,1.6883860171320115,
2021-03-22,1.8022573605797578,
2021-03-23,1.8022573605797578,
2021-03-24,1.7981071943890967,
2021-03-25,1.7981071943890967,
2021-03-26,1.7408525677274247,
2021-03-27,1.7408525677274247,
2021-03-28,1.7408525677274247,
2021-03-29,1.8258941496799974,
2021-03-30,1.8258941496799974,
2021-03-31,1.8212184690924997,
2021-04-01,1.8212184690924997,
2021-04-02,1.8212184690924997,
2021-04-03,1.8212184690924997,
2021-04-04,1.8212184690924997,
2021-04-05,1.890560051944097,
2021-04-06,1.890560051944097,
2021-04-07,1.891210720107349,
2021-04-08,1.891210720107349,
2021-04-09,1.891210720107349,
2021-04-10,1.891210720107349,
2021-04-11,1.891210720107349,
2021-04-12,1.9494048798806844,
2021-04-13,2.7147467611011415,2.623645747764208
2021-04-14,2.7125845564914286,
2021-04-15,2.7125845564914286,
2021-04-16,2.7125845564914286,
2021-04-17,2.7125845564914286,
2021-04-18,2.7125845564914286,
2021-04-19,2.759687957361179,
2021-04-20,2.759687957361179,
2021-04-21,2.7592845858604114,
2021-04-22,2.7592845858604114,
2021-04-23,2.7592845858604114,
2021-04-24,2.7592845858604114,
2021-04-25,2.7592845858604114,
2021-04-26,2.7924208862717155,
2021-04-27,2.7924208862717155,
2021-04-28,2.790621270260903,
2021-04-29,2.790621270260903,
2021-04-30,2.6882504270423606,
2021-05-01,2.6882504270423606,
2021-05-02,2.6882504270423606,
2021-05-03,2.7257408141095114,
2021-05-04,2.7257408141095114,
2021-05-05,2.726801334067418,
2021-05-06,2.726801334067418,
2021-05-07,2.726801334067418,
2021-05-08,2.726801334067418,
2021-05-09,2.726801334067418,
2021-05-10,2.72309774188385,
2021-05-11,2.72309774188385,
2021-05-12,4.294845458709667,4.137373453318342
2021-05-13,4.294845458709667,
2021-05-14,4.294845458709667,
2021-05-15,4.294845458709667,
2021-05-16,4.294845458709667,
2021-05-17,4.281581095659864,
2021-05-18,4.281581095659864,
2021-05-19,4.282100859349262,
2021-05-20,4.282100859349262,
2021-05-21,4.282100859349262,
2021-05-22,4.282100859349262,
2021-05-23,4.282100859349262,
2021-05-24,4.292786793999152,
2021-05-25,4.292786793999152,
2021-05-26,4.2890081649450424,
2021-05-27,4.2890081649450424,
2021-05-28,4.051324686294406,
2021-05-29,4.051324686294406,
2021-05-30,4.051324686294406,
2021-05-31,4.051324686294406,
2021-06-01,3.989890787964069,
2021-06-02,3.989890787964069,
2021-06-03,3.9949821070970857,
2021-06-04,3.9949821070970857,
2021-06-05,3.9949821070970857,
2021-06-06,3.9949821070970857,
2021-06-07,3.9884813307104854,
2021-06-08,3.9884813307104854,
2021-06-09,3.9874084725921914,
2021-06-10,5.185150542104619,4.926466563983083
2021-06-11,5.185150542104619,
2021-06-12,5.185150542104619,
2021-06-13,5.185150542104619,
2021-06-14,5.146860430268578,
2021-06-15,5.146860430268578,
2021-06-16,5.148901453640079,
2021-06-17,5.148901453640079,
2021-06-18,5.148901453640079,
2021-06-19,5.148901453640079,
2021-06-20,5.148901453640079,
2021-06-21,5.1233748685103855,
2021-06-22,5.1233748685103855,
2021-06-23,5.1211699954761,
2021-06-24,5.1211699954761,
2021-06-25,4.847347092714739,
2021-06-26,4.847347092714739,
2021-06-27,4.847347092714739,
2021-06-28,4.823515764902094,
2021-06-29,4.823515764902094,
2021-06-30,4.8252101958758,
2021-07-01,4.8252101958758,
2021-07-02,4.8252101958758,
2021-07-03,4.8252101958758,
2021-07-04,4.8252101958758,
2021-07-05,4.8252101958758,
2021-07-06,4.810540740011384,
2021-07-07,4.810540740011384,
2021-07-08,4.812523114815721,
2021-07-09,4.812523114815721,
2021-07-10,4.812523114815721,
2021-07-11,4.812523114815721,
2021-07-12,4.824165059641415,
2021-07-13,5.348447326488328,5.317418943207728
2021-07-14,5.349380726521702,
2021-07-15,5.349380726521702,
2021-07-16,5.349380726521702,
2021-07-17,5.349380726521702,
2021-07-18,5.349380726521702,
2021-07-19,5.342995277243731,
2021-07-20,5.342995277243731,
2021-07-21,5.337434850035893,
2021-07-22,5.337434850035893,
2021-07-23,5.337434850035893,
2021-07-24,5.337434850035893,
2021-07-25,5.337434850035893,
2021-07-26,5.351610710149453,
2021-07-27,5.351610710149453,
2021-07-28,5.350032660377004,
2021-07-29,5.350032660377004,
2021-07-30,5.227712465024255,
2021-07-31,5.227712465024255,
2021-08-01,5.227712465024255,
2021-08-02,5.227223035080846,
2021-08-03,5.227223035080846,
2021-08-04,5.227662396609013,
2021-08-05,5.227662396609013,
2021-08-06,5.227662396609013,
2021-08-07,5.227662396609013,
2021-08-08,5.227662396609013,
2021-08-09,5.236932123511249,
2021-08-10,5.236932123511249,
2021-08-11,5.379644814191228,5.269167647240973
2021-08-12,5.379644814191228,
2021-08-13,5.379644814191228,
2021-08-14,5.379644814191228,
2021-08-15,5.379644814191228,
2021-08-16,5.391439450986338,
2021-08-17,5.391439450986338,
2021-08-18,5.389958503432053,
2021-08-19,5.389958503432053,
2021-08-20,5.389958503432053,
2021-08-21,5.389958503432053,
2021-08-22,5.389958503432053,
2021-08-23,5.390811758097125,
2021-08-24,5.390811758097125,
2021-08-25,5.385584930950397,
2021-08-26,5.385584930950397,
2021-08-27,5.321098943702601,
2021-08-28,5.321098943702601,
2021-08-29,5.321098943702601,
2021-08-30,5.29871100630383,
2021-08-31,5.29871100630383,
2021-09-01,5.301932921902567,
2021-09-02,5.301932921902567,
2021-09-03,5.301932921902567,
2021-09-04,5.301932921902567,
2021-09-05,5.301932921902567,
2021-09-06,5.301932921902567,
2021-09-07,5.274757062371486,
2021-09-08,5.274757062371486,
2021-09-09,5.278501503224729,
2021-09-10,5.278501503224729,
2021-09-11,5.278501503224729,
2021-09-12,5.278501503224729,
2021-09-13,5.301082455054693,
2021-09-14,5.193956702873643,5.181323173271236
2021-09-15,5.193465215000235,
2021-09-16,5.193465215000235,
2021-09-17,5.193465215000235,
2021-09-18,5.193465215000235,
2021-09-19,5.193465215000235,
2021-09-20,5.206021131206019,
2021-09-21,5.206021131206019,
2021-09-22,5.206985660577342,
2021-09-23,5.206985660577342,
2021-09-24,5.206985660577342,
2021-09-25,5.206985660577342,
2021-09-26,5.206985660577342,
2021-09-27,5.224421447586078,
2021-09-28,5.224421447586078,
2021-09-29,5.227945580444766,
2021-09-30,5.227945580444766,
2021-10-01,5.210702984382013,
2021-10-02,5.210702984382013,
2021-10-03,5.210702984382013,
2021-10-04,5.206246934427071,
2021-10-05,5.206246934427071,
2021-10-06,5.207387995158448,
2021-10-07,5.207387995158448,
2021-10-08,5.207387995158448,
2021-10-09,5.207387995158448,
2021-10-10,5.207387995158448,
2021-10-11,5.207387995158448,
2021-10-12,5.211897286114984,
2021-10-13,5.369687376156325,5.363523425270288
2021-10-14,5.3756330419663705,
2021-10-15,5.3756330419663705,
2021-10-16,5.3756330419663705,
2021-10-17,5.3756330419663705,
2021-10-18,5.411039976206209,
2021-10-19,5.411039976206209,
2021-10-20,5.410654477869698,
2021-10-21,5.410654477869698,
2021-10-22,5.410654477869698,
2021-10-23,5.410654477869698,
2021-10-24,5.410654477869698,
2021-10-25,5.443915631287397,
2021-10-26,5.443915631287397,
2021-10-27,5.44221216847274,
2021-10-28,5.44221216847274,
2021-10-29,5.44221216847274,
2021-10-30,5.44221216847274,
2021-10-31,5.44221216847274,
2021-11-01,5.471258267977137,
2021-11-02,5.471258267977137,
2021-11-03,5.471510833971972,
2021-11-04,5.471510833971972,
2021-11-05,5.471510833971972,
2021-11-06,5.471510833971972,
2021-11-07,5.471510833971972,
2021-11-08,5.494034020359667,
2021-11-09,5.494034020359667,
2021-11-10,6.2301155732789795,6.226591220771439
2021-11-11,6.2301155732789795,
2021-11-12,6.2301155732789795,
2021-11-13,6.2301155732789795,
2021-11-14,6.2301155732789795,
2021-11-15,6.248372728252422,
2021-11-16,6.248372728252422,
2021-11-17,6.249436258281392,
2021-11-18,6.249436258281392,
2021-11-19,6.249436258281392,
2021-11-20,6.249436258281392,
2021-11-21,6.249436258281392,
2021-11-22,6.235409307118254,
2021-11-23,6.235409307118254,
2021-11-24,6.0684269369278985,
2021-11-25,6.0684269369278985,
2021-11-26,6.0684269369278985,
2021-11-27,6.0684269369278985,
2021-11-28,6.0684269369278985,
2021-11-29,6.072616584784492,
2021-11-30,6.072616584784492,
2021-12-01,6.072616584784492,
2021-12-02,6.072616584784492,
2021-12-03,6.072616584784492,
2021-12-04,6.072616584784492,
2021-12-05,6.072616584784492,
2021-12-06,6.055079729541231,
2021-12-07,6.055079729541231,
2021-12-08,6.044918308308536,
2021-12-09,6.044918308308536,
2021-12-10,6.9511246643194164,6.8655595202961965
2021-12-11,6.9511246643194164,
2021-12-12,6.9511246643194164,
2021-12-13,6.9126201995970575,
2021-12-14,6.9126201995970575,
2021-12-15,6.913256421924144,
2021-12-16,6.913256421924144,
2021-12-17,6.913256421924144,
2021-12-18,6.913256421924144,
2021-12-19,6.913256421924144,
2021-12-20,6.901425518246459,
2021-12-21,6.901425518246459,
2021-12-22,6.902264715596061,
2021-12-23,6.768518068261173,
2021-12-24,6.768518068261173,
2021-12-25,6.768518068261173,
2021-12-26,6.768518068261173,
2021-12-27,6.719545727132498,
2021-12-28,6.719545727132498,
2021-12-29,6.720481183957888,
2021-12-30,6.720481183957888,
2021-12-31,6.720481183957888,
2022-01-01,6.720481183957888,
2022-01-02,6.720481183957888,
2022-01-03,6.700723859593504,
2022-01-04,6.700723859593504,
2022-01-05,6.704909064878055,
2022-01-06,6.704909064878055,
2022-01-07,6.704909064878055,
2022-01-08,6.704909064878055,
2022-01-09,6.704909064878055,
2022-01-10,6.7037705688062825,
2022-01-11,6.7037705688062825,
2022-01-12,7.149752310564296,7.159457345112467
2022-01-13,7.149752310564296,
2022-01-14,7.149752310564296,
2022-01-15,7.149752310564296,
2022-01-16,7.149752310564296,
2022-01-17,7.149752310564296,
2022-01-18,7.115193105924176,
2022-01-19,7.115193105924176,
2022-01-20,7.11820332974212,
2022-01-21,7.11820332974212,
2022-01-22,7.11820332974212,
2022-01-23,7.11820332974212,
2022-01-24,7.086968112679195,
2022-01-25,7.086968112679195,
2022-01-26,7.09693804273263,
2022-01-27,7.102830385292545,
2022-01-28,6.942667103689076,
2022-01-29,6.942667103689076,
2022-01-30,6.942667103689076,
2022-01-31,6.942233091135579,
2022-02-01,6.942233091135579,
2022-02-02,6.940613256669205,
2022-02-03,6.940613256669205,
2022-02-04,6.940613256669205,
2022-02-05,6.940613256669205,
2022-02-06,6.940613256669205,
2022-02-07,6.949235195691625,
2022-02-08,7.371579814591705,7.578082463000531
2022-02-09,7.371976466954819,
2022-02-10,7.371976466954819,
2022-02-11,7.371976466954819,
2022-02-12,7.371976466954819,
2022-02-13,7.371976466954819,
2022-02-14,7.373273899404186,
2022-02-15,7.373273899404186,
2022-02-16,7.372076116068995,
2022-02-17,7.372076116068995,
2022-02-18,7.372076116068995,
2022-02-19,7.372076116068995,
2022-02-20,7.372076116068995,
2022-02-21,7.372076116068995,
2022-02-22,7.36704757033579,
2022-02-23,7.36704757033579,
2022-02-24,7.366206358216581,
2022-02-25,7.337944513598507,
2022-02-26,7.337944513598507,
2022-02-27,7.337944513598507,
2022-02-28,7.28491089025805,
2022-03-01,7.28491089025805,
2022-03-02,7.28323853574158,
2022-03-03,7.28323853574158,
2022-03-04,7.28323853574158,
2022-03-05,7.28323853574158,
2022-03-06,7.28323853574158,
2022-03-07,7.27330522550913,
2022-03-08,7.27330522550913,
2022-03-09,7.279538151213194,
2022-03-10,7.819204429004999,7.949220898953991
2022-03-11,7.819204429004999,
2022-03-12,7.819204429004999,
2022-03-13,7.819204429004999,
2022-03-14,7.96327798422264,
2022-03-15,7.96327798422264,
2022-03-16,7.960657006201148,
2022-03-17,7.960657006201148,
2022-03-18,7.960657006201148,
2022-03-19,7.960657006201148,
2022-03-20,7.960657006201148,
2022-03-21,7.98970696951026,
2022-03-22,7.98970696951026,
2022-03-23,7.986987812727513,
2022-03-24,7.986987812727513,
2022-03-25,7.986987812727513,
2022-03-26,7.986987812727513,
2022-03-27,7.986987812727513,
2022-03-28,7.957251053448138,
2022-03-29,7.957251053448138,
2022-03-30,7.960833748830033,
2022-03-31,7.8933891631729916,
2022-04-01,7.8933891631729916,
2022-04-02,7.8933891631729916,
2022-04-03,7.8933891631729916,
2022-04-04,7.896988386632456,
2022-04-05,7.896988386632456,
2022-04-06,7.891055717318474,
2022-04-07,7.891055717318474,
2022-04-08,7.891055717318474,
2022-04-09,7.891055717318474,
2022-04-10,7.891055717318474,
2022-04-11,7.869025849691359,
2022-04-12,8.394246506316417,8.540780148538593
2022-04-13,8.39103061951587,
2022-04-14,8.39103061951587,
2022-04-15,8.39103061951587,
2022-04-16,8.39103061951587,
2022-04-17,8.39103061951587,
2022-04-18,8.368934999845822,
2022-04-19,8.368934999845822,
2022-04-20,8.374092565863288,
2022-04-21,8.374092565863288,
2022-04-22,8.374092565863288,
2022-04-23,8.374092565863288,
2022-04-24,8.374092565863288,
2022-04-25,8.362946956410587,
2022-04-26,8.362946956410587,
2022-04-27,8.35388605061591,
2022-04-28,8.35388605061591,
2022-04-29,8.23025775152961,
2022-04-30,8.23025775152961,
2022-05-01,8.23025775152961,
2022-05-02,8.235802881480605,
2022-05-03,8.235802881480605,
2022-05-04,8.237316873500436,
2022-05-05,8.237316873500436,
2022-05-06,8.237316873500436,
2022-05-07,8.237316873500436,
2022-05-08,8.237316873500436,
2022-05-09,8.253356613378834,
2022-05-10,8.253356613378834,
2022-05-11,8.309027150803818,8.235161744022502
2022-05-12,8.309027150803818,
2022-05-13,8.309027150803818,
2022-05-14,8.309027150803818,
2022-05-15,8.309027150803818,
2022-05-16,8.322625484332775,
2022-05-17,8.322625484332775,
2022-05-18,8.316757688112476,
2022-05-19,8.316757688112476,
2022-05-20,8.316757688112476,
2022-05-21,8.316757688112476,
2022-05-22,8.316757688112476,
2022-05-23,8.33651418413956,
2022-05-24,8.33651418413956,
2022-05-25,8.345290333717646,
2022-05-26,8.345290333717646,
2022-05-27,8.396036315018504,
2022-05-28,8.396036315018504,
2022-05-29,8.396036315018504,
2022-05-30,8.396036315018504,
2022-05-31,8.430018654691917,
2022-06-01,8.430018654691917,
2022-06-02,8.433876122473826,
2022-06-03,8.433876122473826,
2022-06-04,8.433876122473826,
2022-06-05,8.433876122473826,
2022-06-06,8.439847956264508,
2022-06-07,8.439847956264508,
2022-06-08,8.435876505447059,
2022-06-09,8.435876505447059,
2022-06-10,8.487372725234518,8.530051713089216
2022-06-11,8.487372725234518,
2022-06-12,8.487372725234518,
2022-06-13,8.555633395233496,
2022-06-14,8.555633395233496,
2022-06-15,8.557993050824935,
2022-06-16,8.557993050824935,
2022-06-17,8.557993050824935,
2022-06-18,8.557993050824935,
2022-06-19,8.557993050824935,
2022-06-20,8.557993050824935,
2022-06-21,8.557993050824935,
2022-06-22,8.557993050824935,
2022-06-23,8.557993050824935,
2022-06-24,8.557993050824935,
2022-06-25,8.557993050824935,
2022-06-26,8.557993050824935,
2022-06-27,8.578530711956695,
2022-06-28,8.578530711956695,
2022-06-29,8.576218209782983,
2022-06-30,8.592511370033451,
2022-07-01,8.592511370033451,
2022-07-02,8.592511370033451,
2022-07-03,8.592511370033451,
2022-07-04,8.592511370033451,
2022-07-05,8.559757790312661,
2022-07-06,8.559757790312661,
2022-07-07,8.554371670327152,
2022-07-08,8.554371670327152,
2022-07-09,8.554371670327152,
2022-07-10,8.554371670327152,
2022-07-11,8.512368948903866,
2022-07-12,8.512368948903866,
2022-07-13,8.852861920035545,8.9992981419231
2022-07-14,8.852861920035545,
2022-07-15,8.852861920035545,
2022-07-16,8.852861920035545,
2022-07-17,8.852861920035545,
2022-07-18,8.803413776501815,
2022-07-19,8.803413776501815,
2022-07-20,8.796534030721572,
2022-07-21,8.796534030721572,
2022-07-22,8.796534030721572,
2022-07-23,8.796534030721572,
2022-07-24,8.796534030721572,
2022-07-25,8.74553906615444,
2022-07-26,8.74553906615444,
2022-07-27,8.74418535234583,
2022-07-28,8.74418535234583,
2022-07-29,8.647241114096088,
2022-07-30,8.647241114096088,
2022-07-31,8.647241114096088,
2022-08-01,8.58950829254704,
2022-08-02,8.58950829254704,
2022-08-03,8.588699727836026,
2022-08-04,8.588699727836026,
2022-08-05,8.588699727836026,
2022-08-06,8.588699727836026,
2022-08-07,8.588699727836026,
2022-08-08,8.552172722532458,
2022-08-09,8.552172722532458,
2022-08-10,8.470121840272629,8.447778206754556
2022-08-11,8.470121840272629,
2022-08-12,8.470121840272629,
2022-08-13,8.470121840272629,
2022-08-14,8.470121840272629,
2022-08-15,8.409563440217877,
2022-08-16,8.409563440217877,
2022-08-17,8.414071345329436,
2022-08-18,8.414071345329436,
2022-08-19,8.414071345329436,
2022-08-20,8.414071345329436,
2022-08-21,8.414071345329436,
2022-08-22,8.374566218997225,
2022-08-23,8.374566218997225,
2022-08-24,8.376813934482993,
2022-08-25,8.376813934482993,
2022-08-26,8.50386543398733,
2022-08-27,8.50386543398733,
2022-08-28,8.50386543398733,
2022-08-29,8.482926384390748,
2022-08-30,8.482926384390748,
2022-08-31,8.483431322767828,
2022-09-01,8.483431322767828,
2022-09-02,8.483431322767828,
2022-09-03,8.483431322767828,
2022-09-04,8.483431322767828,
2022-09-05,8.483431322767828,
2022-09-06,8.477237906598155,
2022-09-07,8.477237906598155,
2022-09-08,8.478136975171767,
2022-09-09,8.478136975171767,
2022-09-10,8.478136975171767,
2022-09-11,8.478136975171767,
2022-09-12,8.451763075852396,
2022-09-13,8.20618100400182,8.216255059541258
2022-09-14,8.205962326379357,
2022-09-15,8.205962326379357,
2022-09-16,8.205962326379357,
2022-09-17,8.205962326379357,
2022-09-18,8.205962326379357,
2022-09-19,8.169709991814251,
2022-09-20,8.169709991814251,
2022-09-21,8.168525364360981,
2022-09-22,8.168525364360981,
2022-09-23,8.168525364360981,
2022-09-24,8.168525364360981,
2022-09-25,8.168525364360981,
2022-09-26,8.159950408015046,
2022-09-27,8.159950408015046,
2022-09-28,8.162931086726099,
2022-09-29,8.162931086726099,
2022-09-30,8.188010008349917,
2022-10-01,8.188010008349917,
2022-10-02,8.188010008349917,
2022-10-03,8.20086153657277,
2022-10-04,8.20086153657277,
2022-10-05,8.196646524545713,
2022-10-06,8.196646524545713,
2022-10-07,8.196646524545713,
2022-10-08,8.196646524545713,
2022-10-09,8.196646524545713,
2022-10-10,8.196646524545713,
2022-10-11,8.226132869994883,
2022-10-12,8.226132869994883,
2022-10-13,8.185469008625596,8.205751582451754
2022-10-14,8.185469008625596,
2022-10-15,8.185469008625596,
2022-10-16,8.185469008625596,
2022-10-17,8.224837650477925,
2022-10-18,8.224837650477925,
2022-10-19,8.22323616872921,
2022-10-20,8.22323616872921,
2022-10-21,8.22323616872921,
2022-10-22,8.22323616872921,
2022-10-23,8.22323616872921,
2022-10-24,8.17668675242759,
2022-10-25,8.17668675242759,
2022-10-26,8.179960530225555,
2022-10-27,8.179960530225555,
2022-10-28,8.187910951153626,
2022-10-29,8.187910951153626,
2022-10-30,8.187910951153626,
2022-10-31,8.129163529867412,
2022-11-01,8.129163529867412,
2022-11-02,8.130729965771906,
2022-11-03,8.130729965771906,
2022-11-04,8.130729965771906,
2022-11-05,8.130729965771906,
2022-11-06,8.130729965771906,
2022-11-07,8.096366089522437,
2022-11-08,8.096366089522437,
2022-11-09,8.096727502494755,
2022-11-10,7.811271275680064,7.7572614708094525
2022-11-11,7.811271275680064,
2022-11-12,7.811271275680064,
2022-11-13,7.811271275680064,
2022-11-14,7.8278683375103775,
2022-11-15,7.8278683375103775,
2022-11-16,7.827939329990722,
2022-11-17,7.827939329990722,
2022-11-18,7.827939329990722,
2022-11-19,7.827939329990722,
2022-11-20,7.827939329990722,
2022-11-21,7.8077970954679445,
2022-11-22,7.8077970954679445,
2022-11-23,7.806338263361157,
2022-11-24,7.806338263361157,
2022-11-25,7.806338263361157,
2022-11-26,7.806338263361157,
2022-11-27,7.806338263361157,
2022-11-28,7.769056818816929,
2022-11-29,7.769056818816929,
2022-11-30,7.769056818816929,
2022-12-01,7.906506729016129,
2022-12-02,7.906506729016129,
2022-12-03,7.906506729016129,
2022-12-04,7.906506729016129,
2022-12-05,7.865122863132865,
2022-12-06,7.865122863132865,
2022-12-07,7.860748484581581,
2022-12-08,7.860748484581581,
2022-12-09,7.860748484581581,
2022-12-10,7.860748484581581,
2022-12-11,7.860748484581581,
2022-12-12,7.810428633539279,
2022-12-13,7.224992718985507,7.131380368978285
2022-12-14,7.220375256809765,
2022-12-15,7.220375256809765,
2022-12-16,7.220375256809765,
2022-12-17,7.220375256809765,
2022-12-18,7.220375256809765,
2022-12-19,7.174404354599489,
2022-12-20,7.174404354599489,
2022-12-21,7.177440678132635,
2022-12-22,7.177440678132635,
2022-12-23,7.177440678132635,
2022-12-24,7.177440678132635,
2022-12-25,7.177440678132635,
2022-12-26,7.177440678132635,
2022-12-27,7.1373456454888204,
2022-12-28,7.1373456454888204,
2022-12-29,7.136798133819569,
2022-12-30,7.136798133819569,
2022-12-31,7.136798133819569,
2023-01-01,7.136798133819569,
2023-01-02,7.136798133819569,
2023-01-03,7.132348718179197,
2023-01-04,7.132348718179197,
2023-01-05,7.134353682188307,
2023-01-06,7.134353682188307,
2023-01-07,7.134353682188307,
2023-01-08,7.134353682188307,
2023-01-09,7.199203805497493,
2023-01-10,7.199203805497493,
2023-01-11,7.196109772222666,
2023-01-12,6.493227102367843,6.410831677385814
2023-01-13,6.493227102367843,
2023-01-14,6.493227102367843,
2023-01-15,6.493227102367843,
2023-01-16,6.493227102367843,
2023-01-17,6.50578582830517,
2023-01-18,6.50578582830517,
2023-01-19,6.511410518409306,
2023-01-20,6.511410518409306,
2023-01-21,6.511410518409306,
2023-01-22,6.511410518409306,
2023-01-23,6.526666419138113,
2023-01-24,6.526666419138113,
2023-01-25,6.528810700640821,
2023-01-26,6.52302118029794,
2023-01-27,6.564537845678766,
2023-01-28,6.564537845678766,
2023-01-29,6.564537845678766,
2023-01-30,6.602300978750992,
2023-01-31,6.602300978750992,
2023-02-01,6.608079901178338,
2023-02-02,6.608079901178338,
2023-02-03,6.608079901178338,
2023-02-04,6.608079901178338,
2023-02-05,6.608079901178338,
2023-02-06,6.630156772368067,
2023-02-07,6.630156772368067,
2023-02-08,6.624241139637979,
2023-02-09,6.624241139637979,
2023-02-10,6.260875425571556,6.340296309929159
2023-02-11,6.260875425571556,
2023-02-12,6.260875425571556,
2023-02-13,6.225093807542283,
2023-02-14,6.225093807542283,
2023-02-15,6.225328168672979,
2023-02-16,6.225328168672979,
2023-02-17,6.225328168672979,
2023-02-18,6.225328168672979,
2023-02-19,6.225328168672979,
2023-02-20,6.225328168672979,
2023-02-21,6.173728060835048,
2023-02-22,6.173728060835048,
2023-02-23,6.172472311718335,
2023-02-24,6.212392549422303,
2023-02-25,6.212392549422303,
2023-02-26,6.212392549422303,
2023-02-27,6.191196096130387,
2023-02-28,6.191196096130387,
2023-03-01,6.193777967638492,
2023-03-02,6.193777967638492,
2023-03-03,6.193777967638492,
2023-03-04,6.193777967638492,
2023-03-05,6.193777967638492,
2023-03-06,6.162282400564321,
2023-03-07,6.162282400564321,
2023-03-08,6.16056895630408,
2023-03-09,6.16056895630408,
2023-03-10,6.16056895630408,
2023-03-11,6.16056895630408,
2023-03-12,6.16056895630408,
2023-03-13,6.149887990310333,
2023-03-14,5.892594146075891,5.9576487127669004
2023-03-15,5.889291722747515,
2023-03-16,5.889291722747515,
2023-03-17,5.889291722747515,
2023-03-18,5.889291722747515,
2023-03-19,5.889291722747515,
2023-03-20,5.7420860883399865,
2023-03-21,5.7420860883399865,
2023-03-22,5.737484334655409,
2023-03-23,5.737484334655409,
2023-03-24,5.737484334655409,
2023-03-25,5.737484334655409,
2023-03-26,5.737484334655409,
2023-03-27,5.655573537601976,
2023-03-28,5.655573537601976,
2023-03-29,5.659623991399981,
2023-03-30,5.659623991399981,
2023-03-31,5.704038142143766,
2023-04-01,5.704038142143766,
2023-04-02,5.704038142143766,
2023-04-03,5.727697452808063,
2023-04-04,5.727697452808063,
2023-04-05,5.729374662660341,
2023-04-06,5.729374662660341,
2023-04-07,5.729374662660341,
2023-04-08,5.729374662660341,
2023-04-09,5.729374662660341,
2023-04-10,5.76167579879529,
2023-04-11,5.76167579879529,
2023-04-12,5.146755008866369,4.931348641757137
2023-04-13,5.146755008866369,
2023-04-14,5.146755008866369,
2023-04-15,5.146755008866369,
2023-04-16,5.146755008866369,
2023-04-17,5.2042041868193,
2023-04-18,5.2042041868193,
2023-04-19,5.206465730188704,
2023-04-20,5.206465730188704,
2023-04-21,5.206465730188704,
2023-04-22,5.206465730188704,
2023-04-23,5.206465730188704,
2023-04-24,5.257346770471919,
2023-04-25,5.257346770471919,
2023-04-26,5.253247605807902,
2023-04-27,5.253247605807902,
2023-04-28,5.373565007593973,
2023-04-29,5.373565007593973,
2023-04-30,5.373565007593973,
2023-05-01,5.3792733678010505,
2023-05-02,5.3792733678010505,
2023-05-03,5.379225621384464,
2023-05-04,5.379225621384464,
2023-05-05,5.379225621384464,
2023-05-06,5.379225621384464,
2023-05-07,5.379225621384464,
2023-05-08,5.34474862705728,
2023-05-09,5.34474862705728,
2023-05-10,4.870975613944652,4.946947488062322
2023-05-11,4.870975613944652,
2023-05-12,4.870975613944652,
2023-05-13,4.870975613944652,
2023-05-14,4.870975613944652,
2023-05-15,4.821047192583415,
2023-05-16,4.821047192583415,
2023-05-17,4.821497072444735,
2023-05-18,4.821497072444735,
2023-05-19,4.821497072444735,
2023-05-20,4.821497072444735,
2023-05-21,4.821497072444735,
2023-05-22,4.776192957846919,
2023-05-23,4.776192957846919,
2023-05-24,4.773842606060745,
2023-05-25,4.773842606060745,
2023-05-26,4.885331538420637,
2023-05-27,4.885331538420637,
2023-05-28,4.885331538420637,
2023-05-29,4.885331538420637,
2023-05-30,4.83451999733175,
2023-05-31,4.83451999733175,
2023-06-01,4.830477058500876,
2023-06-02,4.830477058500876,
2023-06-03,4.830477058500876,
2023-06-04,4.830477058500876,
2023-06-05,4.814174971859577,
2023-06-06,4.814174971859577,
2023-06-07,4.813368657033898,
2023-06-08,4.813368657033898,
2023-06-09,4.813368657033898,
2023-06-10,4.813368657033898,
2023-06-11,4.813368657033898,
2023-06-12,4.7928423787375385,
2023-06-13,4.345675384666184,4.125314539356468
2023-06-14,4.348296103978671,
2023-06-15,4.348296103978671,
2023-06-16,4.348296103978671,
2023-06-17,4.348296103978671,
2023-06-18,4.348296103978671,
2023-06-19,4.348296103978671,
2023-06-20,4.296950344937437,
2023-06-21,4.296950344937437,
2023-06-22,4.2980746149425135,
2023-06-23,4.2980746149425135,
2023-06-24,4.2980746149425135,
2023-06-25,4.2980746149425135,
2023-06-26,4.255661507657753,
2023-06-27,4.255661507657753,
2023-06-28,4.25867876535661,
2023-06-29,4.25867876535661,
2023-06-30,4.2981209195561725,
2023-07-01,4.2981209195561725,
2023-07-02,4.2981209195561725,
2023-07-03,4.332577531449108,
2023-07-04,4.332577531449108,
2023-07-05,4.332577531449108,
2023-07-06,4.33165079413355,
2023-07-07,4.33165079413355,
2023-07-08,4.33165079413355,
2023-07-09,4.33165079413355,
2023-07-10,4.3432256246077285,
2023-07-11,4.3432256246077285,
2023-07-12,3.397129531676254,3.0592533347793034
2023-07-13,3.397129531676254,
2023-07-14,3.397129531676254,
2023-07-15,3.397129531676254,
2023-07-16,3.397129531676254,
2023-07-17,3.4403417704065937,
2023-07-18,3.4403417704065937,
2023-07-19,3.4423121127455483,
2023-07-20,3.4423121127455483,
2023-07-21,3.4423121127455483,
2023-07-22,3.4423121127455483,
2023-07-23,3.4423121127455483,
2023-07-24,3.493499583996872,
2023-07-25,3.493499583996872,
2023-07-26,3.4926851625141686,
2023-07-27,3.4926851625141686,
2023-07-28,3.5765668717282093,
2023-07-29,3.5765668717282093,
2023-07-30,3.5765668717282093,
2023-07-31,3.6396862112757065,
2023-08-01,3.6396862112757065,
2023-08-02,3.6427908777570095,
2023-08-03,3.6427908777570095,
2023-08-04,3.6427908777570095,
2023-08-05,3.6427908777570095,
2023-08-06,3.6427908777570095,
2023-08-07,3.7459260273957162,
2023-08-08,3.7459260273957162,
2023-08-09,3.7472031983310217,
2023-08-10,3.1994077861083126,3.280328202346244
2023-08-11,3.1994077861083126,
2023-08-12,3.1994077861083126,
2023-08-13,3.1994077861083126,
2023-08-14,3.2754175759004527,
2023-08-15,3.2754175759004527,
2023-08-16,3.2773155893720647,
2023-08-17,3.2773155893720647,
2023-08-18,3.2773155893720647,
2023-08-19,3.2773155893720647,
2023-08-20,3.2773155893720647,
2023-08-21,3.3190189606234153,
2023-08-22,3.3190189606234153,
2023-08-23,3.3169708523131076,
2023-08-24,3.3169708523131076,
2023-08-25,3.3169708523131076,
2023-08-26,3.3169708523131076,
2023-08-27,3.3169708523131076,
2023-08-28,3.343370831448248,
2023-08-29,3.343370831448248,
2023-08-30,3.340115909854096,
2023-08-31,3.5488952352885885,
2023-09-01,3.5488952352885885,
2023-09-02,3.5488952352885885,
2023-09-03,3.5488952352885885,
2023-09-04,3.5488952352885885,
2023-09-05,3.5481272207730625,
2023-09-06,3.5481272207730625,
2023-09-07,3.5486211048039493,
2023-09-08,3.5486211048039493,
2023-09-09,3.5486211048039493,
2023-09-10,3.5486211048039493,
2023-09-11,3.5754482309630395,
2023-09-12,3.5754482309630395,
2023-09-13,3.6944734512063446,3.7186358677607543
2023-09-14,3.6944734512063446,
2023-09-15,3.6944734512063446,
2023-09-16,3.6944734512063446,
2023-09-17,3.6944734512063446,
2023-09-18,3.7201861065405017,
2023-09-19,3.7201861065405017,
2023-09-20,3.7188179023350107,
2023-09-21,3.7188179023350107,
2023-09-22,3.7188179023350107,
2023-09-23,3.7188179023350107,
2023-09-24,3.7188179023350107,
2023-09-25,3.751779825773147,
2023-09-26,3.751779825773147,
2023-09-27,3.7506512972551547,
2023-09-28,3.7506512972551547,
2023-09-29,3.7077477580658704,
2023-09-30,3.7077477580658704,
2023-10-01,3.7077477580658704,
2023-10-02,3.6724061063483147,
2023-10-03,3.6724061063483147,
2023-10-04,3.672782938798084,
2023-10-05,3.672782938798084,
2023-10-06,3.672782938798084,
2023-10-07,3.672782938798084,
2023-10-08,3.672782938798084,
2023-10-09,3.672782938798084,
2023-10-10,3.6332988414666167,
2023-10-11,3.6332988414666167,
2023-10-12,3.655241868745545,3.695082332223437
2023-10-13,3.655241868745545,
2023-10-14,3.655241868745545,
2023-10-15,3.655241868745545,
2023-10-16,3.5682385828349754,
2023-10-17,3.5682385828349754,
2023-10-18,3.5718153010031393,
2023-10-19,3.5718153010031393,
2023-10-20,3.5718153010031393,
2023-10-21,3.5718153010031393,
2023-10-22,3.5718153010031393,
2023-10-23,3.5457996006842962,
2023-10-24,3.5457996006842962,
2023-10-25,3.544339168766801,
2023-10-26,3.544339168766801,
2023-10-27,3.55908787511828,
2023-10-28,3.55908787511828,
2023-10-29,3.55908787511828,
2023-10-30,3.5788594001611647,
2023-10-31,3.5788594001611647,
2023-11-01,3.5735636133577087,
2023-11-02,3.5735636133577087,
2023-11-03,3.5735636133577087,
2023-11-04,3.5735636133577087,
2023-11-05,3.5735636133577087,
2023-11-06,3.560109157097201,
2023-11-07,3.560109157097201,
2023-11-08,3.560109157097201,
2023-11-09,3.560109157097201,
2023-11-10,3.560109157097201,
2023-11-11,3.560109157097201,
2023-11-12,3.560109157097201,
2023-11-13,3.5103635986205424,
2023-11-14,3.1856956521585644,3.246537507676727
2023-11-15,3.1838441422586734,
2023-11-16,3.1838441422586734,
2023-11-17,3.1838441422586734,
2023-11-18,3.1838441422586734,
2023-11-19,3.1838441422586734,
2023-11-20,3.1771578352144862,
2023-11-21,3.1771578352144862,
2023-11-22,3.171609972571037,
2023-11-23,3.171609972571037,
2023-11-24,3.171609972571037,
2023-11-25,3.171609972571037,
2023-11-26,3.171609972571037,
2023-11-27,3.1887929253412257,
2023-11-28,3.1887929253412257,
2023-11-29,3.1887929253412257,
2023-11-30,3.2792156225148608,
2023-12-01,3.2792156225148608,
2023-12-02,3.2792156225148608,
2023-12-03,3.2792156225148608,
2023-12-04,3.3010384160620783,
2023-12-05,3.3010384160620783,
2023-12-06,3.3013211509089855,
2023-12-07,3.3013211509089855,
2023-12-08,3.3013211509089855,
2023-12-09,3.3013211509089855,
2023-12-10,3.3013211509089855,
2023-12-11,3.354705594430395,
2023-12-12,3.034486052598861,3.139855644977691
2023-12-13,3.0352275445007955,
2023-12-14,3.0352275445007955,
2023-12-15,3.0352275445007955,
2023-12-16,3.0352275445007955,
2023-12-17,3.0352275445007955,
2023-12-18,3.0565098244320152,
2023-12-19,3.0565098244320152,
2023-12-20,3.0549905686328245,
2023-12-21,3.0549905686328245,
2023-12-22,3.16957931728998,
2023-12-23,3.16957931728998,
2023-12-24,3.16957931728998,
2023-12-25,3.16957931728998,
2023-12-26,3.1839395826242796,
2023-12-27,3.1839395826242796,
2023-12-28,3.1846058672985778,
2023-12-29,3.1846058672985778,
2023-12-30,3.1846058672985778,
2023-12-31,3.1846058672985778,
2024-01-01,3.1846058672985778,
2024-01-02,3.224896716796886,
2024-01-03,3.224896716796886,
2024-01-04,3.2268511190198725,
2024-01-05,3.2268511190198725,
2024-01-06,3.2268511190198725,
2024-01-07,3.2268511190198725,
2024-01-08,3.1584618919625624,
2024-01-09,3.1584618919625624,
2024-01-10,3.1602859686766833,
2024-01-11,3.151196606804532,3.322200208829757
2024-01-12,3.151196606804532,
2024-01-13,3.151196606804532,
2024-01-14,3.151196606804532,
2024-01-15,3.151196606804532,
2024-01-16,3.129130228593041,
2024-01-17,3.129130228593041,
2024-01-18,3.1337682456453058,
2024-01-19,3.1337682456453058,
2024-01-20,3.1337682456453058,
2024-01-21,3.1337682456453058,
2024-01-22,3.1061246203104798,
2024-01-23,3.1061246203104798,
2024-01-24,3.1057484547868,
2024-01-25,3.1028799247727665,
2024-01-26,3.208448302113396,
2024-01-27,3.208448302113396,
2024-01-28,3.208448302113396,
2024-01-29,3.1679430811832963,
2024-01-30,3.1679430811832963,
2024-01-31,3.175032051391732,
2024-02-01,3.175032051391732,
2024-02-02,3.175032051391732,
2024-02-03,3.175032051391732,
2024-02-04,3.175032051391732,
2024-02-05,3.1605231366475195,
2024-02-06,3.1605231366475195,
2024-02-07,3.156774957731934,
2024-02-08,3.156774957731934,
2024-02-09,3.073450532901258,3.1079425939238905
2024-02-10,3.073450532901258,
2024-02-11,3.073450532901258,
2024-02-12,3.1088383485263837,
2024-02-13,3.1088383485263837,
2024-02-14,3.1087288442824157,
2024-02-15,3.1087288442824157,
2024-02-16,3.1087288442824157,
2024-02-17,3.1087288442824157,
2024-02-18,3.1087288442824157,
2024-02-19,3.1087288442824157,
2024-02-20,3.1540817974335402,
2024-02-21,3.1540817974335402,
2024-02-22,3.1563153654214737,
2024-02-23,3.1563153654214737,
2024-02-24,3.1563153654214737,
2024-02-25,3.1563153654214737,
2024-02-26,3.192982132148564,
2024-02-27,3.192982132148564,
2024-02-28,3.191060308571468,
2024-02-29,3.2057607918825273,
2024-03-01,3.2057607918825273,
2024-03-02,3.2057607918825273,
2024-03-03,3.2057607918825273,
2024-03-04,3.2123580015004047,
2024-03-05,3.2123580015004047,
2024-03-06,3.2145628602758523,
2024-03-07,3.2145628602758523,
2024-03-08,3.2145628602758523,
2024-03-09,3.2145628602758523,
2024-03-10,3.2145628602758523,
2024-03-11,3.237098560778622,
2024-03-12,3.072510276854621,3.1664212076583187
2024-03-13,3.071853324447691,
2024-03-14,3.071853324447691,
2024-03-15,3.071853324447691,
2024-03-16,3.071853324447691,
2024-03-17,3.071853324447691,
2024-03-18,3.0558178996861893,
2024-03-19,3.0558178996861893,
2024-03-20,3.054539103966802,
2024-03-21,3.054539103966802,
2024-03-22,3.054539103966802,
2024-03-23,3.054539103966802,
2024-03-24,3.054539103966802,
2024-03-25,3.098450750978312,
2024-03-26,3.098450750978312,
2024-03-27,3.100587789297635,
2024-03-28,3.100587789297635,
2024-03-29,3.1181682577765364,
2024-03-30,3.1181682577765364,
2024-03-31,3.1181682577765364,
2024-04-01,3.145731724787385,
2024-04-02,3.145731724787385,
2024-04-03,3.1454032856307803,
2024-04-04,3.1454032856307803,
2024-04-05,3.1454032856307803,
2024-04-06,3.1454032856307803,
2024-04-07,3.1454032856307803,
2024-04-08,3.1133518708607317,
2024-04-09,3.1133518708607317,
2024-04-10,3.2694047636829913,3.4690014354717515
2024-04-11,3.2694047636829913,
2024-04-12,3.2694047636829913,
2024-04-13,3.2694047636829913,
2024-04-14,3.2694047636829913,
2024-04-15,3.2598012958542215,
2024-04-16,3.2598012958542215,
2024-04-17,3.2594607994132954,
2024-04-18,3.2594607994132954,
2024-04-19,3.2594607994132954,
2024-04-20,3.2594607994132954,
2024-04-21,3.2594607994132954,
2024-04-22,3.248347625900049,
2024-04-23,3.248347625900049,
2024-04-24,3.2460594236065194,
2024-04-25,3.2460594236065194,
2024-04-26,3.1982845763126,
2024-04-27,3.1982845763126,
2024-04-28,3.1982845763126,
2024-04-29,3.215717176697631,
2024-04-30,3.215717176697631,
2024-05-01,3.2161700002702696,
2024-05-02,3.2161700002702696,
2024-05-03,3.2161700002702696,
2024-05-04,3.2161700002702696,
2024-05-05,3.2161700002702696,
2024-05-06,3.2315181223680005,
2024-05-07,3.2315181223680005,
2024-05-08,3.22761688018266,
2024-05-09,3.22761688018266,
2024-05-10,3.22761688018266,
2024-05-11,3.22761688018266,
2024-05-12,3.22761688018266,
2024-05-13,3.249337146630317,
2024-05-14,3.249337146630317,
2024-05-15,3.2463379523162796,3.3540471111874264
2024-05-16,3.2463379523162796,
2024-05-17,3.2463379523162796,
2024-05-18,3.2463379523162796,
2024-05-19,3.2463379523162796,
2024-05-20,3.23212057882923,
2024-05-21,3.23212057882923,
2024-05-22,3.230976079996687,
2024-05-23,3.230976079996687,
2024-05-24,3.230976079996687,
2024-05-25,3.230976079996687,
2024-05-26,3.230976079996687,
2024-05-27,3.230976079996687,
2024-05-28,3.2227072956294625,
2024-05-29,3.2227072956294625,
2024-05-30,3.218750356477009,
2024-05-31,3.245453554975501,
2024-06-01,3.245453554975501,
2024-06-02,3.245453554975501,
2024-06-03,3.2287079823527325,
2024-06-04,3.2287079823527325,
2024-06-05,3.229891611796334,
2024-06-06,3.229891611796334,
2024-06-07,3.229891611796334,
2024-06-08,3.229891611796334,
2024-06-09,3.229891611796334,
2024-06-10,3.2180279062900987,
2024-06-11,3.2180279062900987,
2024-06-12,3.037642432022782,3.238866396761138
2024-06-13,3.037642432022782,
2024-06-14,3.037642432022782,
2024-06-15,3.037642432022782,
2024-06-16,3.037642432022782,
2024-06-17,2.9832375235795423,
2024-06-18,2.9832375235795423,
2024-06-19,2.9832375235795423,
2024-06-20,2.9843272442096627,
2024-06-21,2.9843272442096627,
2024-06-22,2.9843272442096627,
2024-06-23,2.9843272442096627,
2024-06-24,2.993488714222192,
2024-06-25,2.993488714222192,
2024-06-26,2.997246907726448,
2024-06-27,2.997246907726448,
2024-06-28,3.048742468371137,
2024-06-29,3.048742468371137,
2024-06-30,3.048742468371137,
2024-07-01,3.052196774021728,
2024-07-02,3.052196774021728,
2024-07-03,3.0528106418251637,
2024-07-04,3.0528106418251637,
2024-07-05,3.0528106418251637,
2024-07-06,3.0528106418251637,
2024-07-07,3.0528106418251637,
2024-07-08,3.0856416574529777,
2024-07-09,3.0856416574529777,
2024-07-10,3.0856416574529777,
2024-07-11,2.8772164115332473,2.9700853998204475
2024-07-12,2.8772164115332473,
2024-07-13,2.8772164115332473,
2024-07-14,2.8772164115332473,
2024-07-15,2.873829089891576,
2024-07-16,2.873829089891576,
2024-07-17,2.8743405238449578,
2024-07-18,2.8743405238449578,
2024-07-19,2.8743405238449578,
2024-07-20,2.8743405238449578,
2024-07-21,2.8743405238449578,
2024-07-22,2.87210002958943,
2024-07-23,2.87210002958943,
2024-07-24,2.8742905142074036,
2024-07-25,2.8742905142074036,
2024-07-26,2.9034728905681675,
2024-07-27,2.9034728905681675,
2024-07-28,2.9034728905681675,
2024-07-29,2.8797573093687436,
2024-07-30,2.8797573093687436,
2024-07-31,2.8766693100183565,
2024-08-01,2.8766693100183565,
2024-08-02,2.8766693100183565,
2024-08-03,2.8766693100183565,
2024-08-04,2.8766693100183565,
2024-08-05,2.8224401056204105,
2024-08-06,2.8224401056204105,
2024-08-07,2.8223089907705803,
2024-08-08,2.8223089907705803,
2024-08-09,2.8223089907705803,
2024-08-10,2.8223089907705803,
2024-08-11,2.8223089907705803,
2024-08-12,2.7829052671289665,
2024-08-13,2.7829052671289665,
2024-08-14,2.6496460746758586,2.9384633061405263
2024-08-15,2.6496460746758586,
2024-08-16,2.6496460746758586,
2024-08-17,2.6496460746758586,
2024-08-18,2.6496460746758586,
2024-08-19,2.6284738411045314,
2024-08-20,2.6284738411045314,
2024-08-21,2.6284569681723324,
2024-08-22,2.6284569681723324,
2024-08-23,2.6284569681723324,
2024-08-24,2.6284569681723324,
2024-08-25,2.6284569681723324,
2024-08-26,2.609394593401612,
2024-08-27,2.609394593401612,
2024-08-28,2.6049042601511068,
2024-08-29,2.6049042601511068,
2024-08-30,2.5951465522857022,
2024-08-31,2.5951465522857022,
2024-09-01,2.5951465522857022,
2024-09-02,2.5951465522857022,
2024-09-03,2.586629373888596,
2024-09-04,2.586629373888596,
2024-09-05,2.5881490274383636,
2024-09-06,2.5881490274383636,
2024-09-07,2.5881490274383636,
2024-09-08,2.5881490274383636,
2024-09-09,2.5804387527028823,
2024-09-10,2.5804387527028823,
2024-09-11,2.4089464426225877,2.610914032233828
2024-09-12,2.4089464426225877,
2024-09-13,2.4089464426225877,
2024-09-14,2.4089464426225877,
2024-09-15,2.4089464426225877,
2024-09-16,2.381631802502702,
2024-09-17,2.381631802502702,
2024-09-18,2.3853186565727107,
2024-09-19,2.3853186565727107,
2024-09-20,2.3853186565727107,
2024-09-21,2.3853186565727107,
2024-09-22,2.3853186565727107,
2024-09-23,2.341997222801056,
2024-09-24,2.341997222801056,
2024-09-25,2.3450242068888456,
2024-09-26,2.3450242068888456,
2024-09-27,2.374644794218343,
2024-09-28,2.374644794218343,
2024-09-29,2.374644794218343,
2024-09-30,2.391159574105481,
2024-10-01,2.391159574105481,
2024-10-02,2.3881080231324443,
2024-10-03,2.3881080231324443,
2024-10-04,2.3881080231324443,
2024-10-05,2.3881080231324443,
2024-10-06,2.3881080231324443,
2024-10-07,2.3993850492665914,
2024-10-08,2.3993850492665914,
2024-10-09,2.4022245115881127,
2024-10-10,2.2109137744781853,2.432541464144649
2024-10-11,2.2109137744781853,
2024-10-12,2.2109137744781853,
2024-10-13,2.2109137744781853,
2024-10-14,2.2109137744781853,
2024-10-15,2.233732785543921,
2024-10-16,2.233732785543921,
2024-10-17,2.238803693943779,
2024-10-18,2.238803693943779,
2024-10-19,2.238803693943779,
2024-10-20,2.238803693943779,
2024-10-21,2.294106138141927,
2024-10-22,2.294106138141927,
2024-10-23,2.287697065386606,
2024-10-24,2.287697065386606,
2024-10-25,2.287697065386606,
2024-10-26,2.287697065386606,
2024-10-27,2.287697065386606,
2024-10-28,2.2924977428242808,
2024-10-29,2.2924977428242808,
2024-10-30,2.298535285673747,
2024-10-31,2.3407861179023324,
2024-11-01,2.3407861179023324,
2024-11-02,2.3407861179023324,
2024-11-03,2.3407861179023324,
2024-11-04,2.3435836789983155,
2024-11-05,2.3435836789983155,
2024-11-06,2.3419920435258867,
2024-11-07,2.3419920435258867,
2024-11-08,2.3419920435258867,
2024-11-09,2.3419920435258867,
2024-11-10,2.3419920435258867,
2024-11-11,2.3419920435258867,
2024-11-12,2.3600480548363274,
2024-11-13,2.333378185944655,2.5714034967967163
2024-11-14,2.3334793408000034,
2024-11-15,2.3334793408000034,
2024-11-16,2.3334793408000034,
2024-11-17,2.3334793408000034,
2024-11-18,2.3448257037277522,
2024-11-19,2.3448257037277522,
2024-11-20,2.3442658461946566,
2024-11-21,2.3442658461946566,
2024-11-22,2.3442658461946566,
2024-11-23,2.3442658461946566,
2024-11-24,2.3442658461946566,
2024-11-25,2.3660742653202558,
2024-11-26,2.3660742653202558,
2024-11-27,2.299692896526242,
2024-11-28,2.299692896526242,
2024-11-29,2.299692896526242,
2024-11-30,2.299692896526242,
2024-12-01,2.299692896526242,
2024-12-02,2.3199588279971297,
2024-12-03,2.3199588279971297,
2024-12-04,2.3199588279971297,
2024-12-05,2.3199588279971297,
2024-12-06,2.3199588279971297,
2024-12-07,2.3199588279971297,
2024-12-08,2.3199588279971297,
2024-12-09,2.3184340459352013,
2024-12-10,2.3184340459352013,
2024-12-11,2.485361313059549,2.7141684004842865
2024-12-12,2.485361313059549,
2024-12-13,2.485361313059549,
2024-12-14,2.485361313059549,
2024-12-15,2.485361313059549,
2024-12-16,2.5141097435871056,
2024-12-17,2.5141097435871056,
2024-12-18,2.5196473883786457,
2024-12-19,2.5196473883786457,
2024-12-20,2.496075002145212,
2024-12-21,2.496075002145212,
2024-12-22,2.496075002145212,
2024-12-23,2.5359809707536103,
2024-12-24,2.5359809707536103,
2024-12-25,2.5359809707536103,
2024-12-26,2.5359809707536103,
2024-12-27,2.5353318302089485,
2024-12-28,2.5353318302089485,
2024-12-29,2.5353318302089485,
2024-12-30,2.511268114053557,
2024-12-31,2.511268114053557,
2025-01-01,2.511268114053557,
2025-01-02,2.5130546632017583,
2025-01-03,2.5130546632017583,
2025-01-04,2.5130546632017583,
2025-01-05,2.5130546632017583,
2025-01-06,2.5167536807161315,
2025-01-07,2.5167536807161315,
2025-01-08,2.516563825084632,
2025-01-09,2.516563825084632,
2025-01-10,2.516563825084632,
2025-01-11,2.516563825084632,
2025-01-12,2.516563825084632,
2025-01-13,2.5419324067488223,
2025-01-14,2.5419324067488223,
2025-01-15,2.6721649782445738,2.87236626880658
2025-01-16,2.6721649782445738,
2025-01-17,2.6721649782445738,
2025-01-18,2.6721649782445738,
2025-01-19,2.6721649782445738,
2025-01-20,2.6721649782445738,
2025-01-21,2.6770105691813586,
2025-01-22,2.6770105691813586,
2025-01-23,2.6836180624228256,
2025-01-24,2.6836180624228256,
2025-01-25,2.6836180624228256,
2025-01-26,2.6836180624228256,
2025-01-27,2.710894980665942,
2025-01-28,2.710894980665942,
2025-01-29,2.706040860870564,
2025-01-30,2.706040860870564,
2025-01-31,2.675939714978495,
2025-02-01,2.675939714978495,
2025-02-02,2.675939714978495,
2025-02-03,2.658813722103287,
2025-02-04,2.658813722103287,
2025-02-05,2.6588516337842028,
2025-02-06,2.6588516337842028,
2025-02-07,2.6588516337842028,
2025-02-08,2.6588516337842028,
2025-02-09,2.6588516337842028,
2025-02-10,2.631844404823545,
2025-02-11,2.631844404823545,
2025-02-12,2.8032762817167782,2.999412512831117
2025-02-13,2.8032762817167782,
2025-02-14,2.8032762817167782,
2025-02-15,2.8032762817167782,
2025-02-16,2.8032762817167782,
2025-02-17,2.8032762817167782,
2025-02-18,2.7993715790502023,
2025-02-19,2.7993715790502023,
2025-02-20,2.7999380515772545,
2025-02-21,2.7999380515772545,
2025-02-22,2.7999380515772545,
2025-02-23,2.7999380515772545,
2025-02-24,2.776298670467,
2025-02-25,2.776298670467,
2025-02-26,2.7745632087376206,
2025-02-27,2.7745632087376206,
2025-02-28,2.8153623594096806,
2025-03-01,2.8153623594096806,
2025-03-02,2.8153623594096806,
2025-03-03,2.813743109314932,
2025-03-04,2.813743109314932,
2025-03-05,2.811768266750523,
2025-03-06,2.811768266750523,
2025-03-07,2.811768266750523,
2025-03-08,2.811768266750523,
2025-03-09,2.811768266750523,
2025-03-10,2.749813549939033,
2025-03-11,2.749813549939033,
2025-03-12,2.6569780797533937,2.8142703731568783
2025-03-13,2.6569780797533937,
2025-03-14,2.6569780797533937,
2025-03-15,2.6569780797533937,
2025-03-16,2.6569780797533937,
2025-03-17,2.642548450008814,
2025-03-18,2.642548450008814,
2025-03-19,2.645415010630975,
2025-03-20,2.6454150106309746,
2025-03-21,2.6454150106309746,
